Date,Open,High,Low,Close,Adj Close,Volume
2011-03-28,27.180000,27.209999,26.620001,26.719999,21.538260,9113500
2011-03-29,26.799999,26.980000,26.730000,26.930000,21.707542,8411900
2011-03-30,27.040001,27.129999,26.809999,26.969999,21.739779,5161900
2011-03-31,26.879999,26.900000,26.260000,26.430000,21.304501,12918300
2011-04-01,26.469999,26.840000,26.400000,26.740000,21.554390,8607500
2011-04-04,26.690001,26.980000,26.410000,26.580000,21.425419,7130500
2011-04-05,26.700001,26.969999,26.549999,26.780001,21.586628,9479900
2011-04-06,26.840000,26.969999,26.520000,26.670000,21.497959,8510900
2011-04-07,26.580000,26.879999,26.420000,26.600000,21.441532,11326800
2011-04-08,26.770000,26.940001,26.590000,26.820000,21.618864,9821400
2011-04-11,26.780001,27.090000,26.660000,26.780001,21.586628,8499700
2011-04-12,26.610001,27.200001,26.590000,27.090000,21.836512,10722100
2011-04-13,27.180000,27.190001,26.750000,26.910000,21.691416,7926500
2011-04-14,26.840000,27.180000,26.690001,27.090000,21.836512,8900300
2011-04-15,27.180000,27.320000,26.959999,27.049999,21.804262,10331900
2011-04-18,26.639999,26.830000,26.360001,26.459999,21.415771,11365100
2011-04-19,26.480000,26.790001,26.360001,26.660000,21.577644,8336900
2011-04-20,27.059999,27.330000,26.639999,26.660000,21.577644,11029200
2011-04-21,26.719999,26.840000,26.549999,26.670000,21.585733,7398900
2011-04-25,26.570000,26.600000,26.270000,26.340000,21.318651,8965500
2011-04-26,26.110001,26.490000,25.910000,26.270000,21.261990,10300000
2011-04-27,26.330000,26.790001,26.180000,26.740000,21.642395,12362400
2011-04-28,26.750000,26.870001,26.400000,26.600000,21.529079,10977200
2011-04-29,26.620001,26.700001,26.139999,26.250000,21.245800,20025200
2011-05-02,26.379999,26.600000,26.290001,26.379999,21.351025,7899600
2011-05-03,26.240000,26.240000,25.840000,26.049999,21.083927,14394900
2011-05-04,26.049999,26.270000,25.639999,25.760000,20.849216,19315100
2011-05-05,25.719999,25.980000,25.559999,25.760000,20.849216,17750900
2011-05-06,25.959999,26.150000,25.639999,25.639999,20.752087,11247400
2011-05-09,25.700001,25.840000,25.600000,25.760000,20.849216,8619400
2011-05-10,25.770000,26.309999,25.750000,26.209999,21.213430,9825300
2011-05-11,26.080000,26.270000,25.629999,25.940001,20.994896,12585600
2011-05-12,25.830000,26.040001,25.480000,25.980000,21.027279,16015700
2011-05-13,26.040001,26.070000,25.520000,25.760000,20.849216,11922800
2011-05-16,24.820000,25.580000,24.670000,24.840000,20.104599,31368400
2011-05-17,25.000000,25.100000,24.629999,24.750000,20.031757,16095200
2011-05-18,24.700001,25.100000,24.629999,25.049999,20.274569,14940600
2011-05-19,25.030001,25.030001,24.730000,24.780001,20.056042,15087900
2011-05-20,24.740000,24.830000,24.430000,24.459999,19.797043,15534300
2011-05-23,24.250000,24.570000,24.250000,24.379999,19.732292,12697200
2011-05-24,24.420000,24.459999,24.090000,24.150000,19.546135,14148100
2011-05-25,24.129999,24.500000,24.049999,24.340000,19.699923,13865600
2011-05-26,24.219999,24.469999,24.209999,24.309999,19.675638,13474400
2011-05-27,24.420000,24.469999,24.190001,24.250000,19.627073,15929900
2011-05-31,24.280001,24.340000,24.110001,24.139999,19.538048,14117000
2011-06-01,24.090000,24.160000,23.719999,23.719999,19.198114,18203300
2011-06-02,23.740000,23.790001,23.350000,23.590000,19.092899,16658900
2011-06-03,23.250000,23.580000,23.180000,23.400000,18.939114,16135200
2011-06-06,23.070000,23.290001,22.860001,22.870001,18.510159,17453600
2011-06-07,23.020000,23.490000,22.940001,22.990000,18.607277,17804500
2011-06-08,22.830000,22.900000,22.590000,22.719999,18.388748,21615400
2011-06-09,22.850000,23.190001,22.740000,22.770000,18.429220,16354100
2011-06-10,22.719999,22.719999,22.200001,22.260000,18.016439,20135500
2011-06-13,22.299999,22.360001,22.040001,22.049999,17.846474,17150300
2011-06-14,22.350000,22.820000,22.320000,22.719999,18.388748,18425900
2011-06-15,22.690001,22.709999,22.030001,22.110001,17.895037,17569500
2011-06-16,22.160000,23.080000,22.160000,22.680000,18.356377,22543400
2011-06-17,22.870001,23.010000,22.709999,22.830000,18.477783,28177400
2011-06-20,22.600000,23.230000,22.570000,23.110001,18.704405,11944500
2011-06-21,23.190001,23.770000,23.080000,23.680000,19.165741,17278400
2011-06-22,23.570000,23.639999,23.190001,23.190001,18.769150,18991000
2011-06-23,22.920000,23.750000,22.820000,23.709999,19.190018,20020700
2011-06-24,23.670000,23.770000,23.070000,23.250000,18.817711,26641200
2011-06-27,23.190001,23.400000,22.969999,23.150000,18.736774,13019100
2011-06-28,23.240000,23.700001,23.170000,23.469999,18.995775,14497500
2011-06-29,23.559999,23.570000,23.200001,23.379999,18.922926,12124700
2011-06-30,23.459999,23.629999,23.190001,23.309999,18.866270,11038900
2011-07-01,23.299999,23.910000,23.299999,23.820000,19.279051,8819700
2011-07-05,23.809999,23.809999,23.440001,23.480000,19.003868,8326500
2011-07-06,23.459999,23.570000,23.200001,23.260000,18.825806,14712400
2011-07-07,23.500000,24.209999,23.480000,23.990000,19.416637,16905700
2011-07-08,23.639999,23.830000,23.469999,23.610001,19.109083,10516300
2011-07-11,23.350000,23.450001,23.000000,23.180000,18.761053,12983800
2011-07-12,23.110001,23.420000,23.030001,23.180000,18.761053,13399800
2011-07-13,23.299999,23.549999,23.250000,23.280001,18.841995,9157000
2011-07-14,23.290001,23.549999,23.070000,23.110001,18.704405,11512400
2011-07-15,23.160000,23.160000,22.639999,22.860001,18.502060,14004700
2011-07-18,22.580000,22.750000,22.379999,22.500000,18.322901,9699000
2011-07-19,22.680000,23.010000,22.620001,22.959999,18.697502,12257600
2011-07-20,22.959999,23.000000,22.680000,22.770000,18.542780,8283300
2011-07-21,22.910000,23.250000,22.830000,22.940001,18.681213,11012400
2011-07-22,22.920000,22.940001,22.520000,22.620001,18.420622,14051600
2011-07-25,22.379999,22.650000,22.370001,22.610001,18.412483,11737300
2011-07-26,22.580000,22.920000,22.469999,22.840000,18.599781,13850700
2011-07-27,22.670000,22.809999,22.420000,22.459999,18.290329,13178500
2011-07-28,22.490000,22.730000,21.719999,21.790001,17.744715,18249600
2011-07-29,21.350000,21.790001,21.309999,21.580000,17.573706,20663400
2011-08-01,21.610001,21.680000,20.980000,21.090000,17.174662,20701500
2011-08-02,20.930000,21.080000,20.450001,20.459999,16.661623,18600300
2011-08-03,20.629999,20.629999,20.160000,20.420000,16.629053,24264000
2011-08-04,20.129999,20.500000,19.950001,20.219999,16.466185,27540600
2011-08-05,20.430000,20.530001,19.860001,20.150000,16.409176,26207700
2011-08-08,19.750000,20.080000,18.660000,18.670000,15.203938,27609600
2011-08-09,18.950001,19.200001,18.150000,19.170000,15.611110,21270000
2011-08-10,18.780001,18.780001,18.070000,18.110001,14.747902,27372500
2011-08-11,18.139999,19.340000,18.100000,19.090000,15.545970,22410500
2011-08-12,19.299999,19.510000,18.969999,19.510000,15.887998,22857600
2011-08-15,19.230000,19.750000,19.100000,19.680000,16.026432,34152300
2011-08-16,19.469999,20.180000,19.430000,20.090000,16.360315,23935600
2011-08-17,20.170000,20.219999,19.830000,20.100000,16.368464,20300400
2011-08-18,19.469999,19.730000,19.260000,19.580000,15.945001,27595700
2011-08-19,19.299999,19.959999,19.260000,19.309999,15.725121,17361600
2011-08-22,19.920000,19.940001,19.469999,19.530001,15.904281,13528700
2011-08-23,19.590000,20.120001,19.490000,20.120001,16.384748,13371200
2011-08-24,20.100000,20.379999,19.860001,20.340000,16.563902,16428000
2011-08-25,20.440001,20.600000,19.969999,20.110001,16.376602,13244100
2011-08-26,20.150000,20.370001,19.889999,20.240000,16.482468,19044800
2011-08-29,20.549999,20.559999,20.299999,20.490000,16.686058,15440800
2011-08-30,20.340000,20.450001,19.930000,20.030001,16.311457,18916200
2011-08-31,20.090000,20.270000,19.770000,19.930000,16.230022,18002100
2011-09-01,19.940001,20.250000,19.760000,19.809999,16.132292,17670800
2011-09-02,19.520000,19.520000,18.860001,18.940001,15.423813,18192400
2011-09-06,18.350000,19.260000,18.280001,19.209999,15.643688,13974500
2011-09-07,19.520000,19.760000,19.440001,19.660000,16.010147,15678200
2011-09-08,19.590000,19.809999,19.440001,19.580000,15.945001,15870100
2011-09-09,19.340000,19.350000,18.840000,18.959999,15.440100,13284200
2011-09-12,18.719999,19.139999,18.700001,19.129999,15.578539,12254400
2011-09-13,19.260000,19.270000,18.870001,19.150000,15.594822,15571100
2011-09-14,19.240000,19.860001,19.170000,19.580000,15.945001,16988600
2011-09-15,19.790001,20.040001,19.590000,19.990000,16.278889,9380800
2011-09-16,20.180000,20.450001,20.120001,20.379999,16.596478,19529900
2011-09-19,20.010000,20.260000,19.660000,20.010000,16.295168,10628600
2011-09-20,20.120001,20.450001,19.900000,19.920000,16.221874,15439500
2011-09-21,19.940001,20.040001,19.160000,19.180000,15.619261,14472800
2011-09-22,18.629999,19.280001,18.530001,18.900000,15.391238,20543400
2011-09-23,18.850000,19.870001,18.850000,19.740000,16.075291,19994400
2011-09-26,19.840000,19.860001,19.299999,19.820000,16.140440,17336000
2011-09-27,20.230000,20.670000,20.129999,20.240000,16.482468,14722100
2011-09-28,20.230000,20.500000,19.820000,19.879999,16.189308,13325200
2011-09-29,20.190001,20.309999,19.570000,20.020000,16.303314,13661500
2011-09-30,19.660000,19.850000,19.330000,19.340000,15.749549,14668600
2011-10-03,19.389999,19.540001,18.860001,18.980000,15.456388,14002100
2011-10-04,18.639999,19.719999,18.549999,19.660000,16.010147,16503400
2011-10-05,19.570000,19.809999,19.299999,19.740000,16.075291,13745400
2011-10-06,19.780001,20.260000,19.379999,20.240000,16.482468,28775200
2011-10-07,20.410000,20.650000,20.049999,20.340000,16.563902,32585800
2011-10-10,20.480000,20.870001,20.480000,20.860001,16.987371,17096700
2011-10-11,20.809999,20.870001,20.480000,20.530001,16.718634,21172200
2011-10-12,20.639999,20.860001,20.510000,20.620001,16.791925,9663600
2011-10-13,20.370001,20.780001,20.240000,20.450001,16.653484,6978200
2011-10-14,20.730000,21.000000,20.540001,20.930000,17.044373,10959100
2011-10-17,20.570000,21.400000,20.570000,20.889999,17.126358,16940000
2011-10-18,20.980000,21.709999,20.790001,21.490000,17.618256,12855600
2011-10-19,21.480000,21.660000,20.990000,21.040001,17.249325,12162900
2011-10-20,21.049999,21.580000,21.040001,21.520000,17.642855,12482400
2011-10-21,21.780001,22.200001,21.709999,22.129999,18.142952,15755900
2011-10-24,22.110001,22.480000,21.740000,21.780001,17.856009,16838300
2011-10-25,21.920000,22.049999,21.459999,21.510000,17.634651,17920100
2011-10-26,21.719999,21.920000,21.360001,21.639999,17.741232,13731800
2011-10-27,22.170000,22.299999,21.790001,21.900000,17.954384,15974300
2011-10-28,21.850000,21.850000,21.260000,21.370001,17.519875,14365600
2011-10-31,21.170000,21.430000,21.000000,21.020000,17.232937,12529500
2011-11-01,20.389999,20.940001,20.340000,20.600000,16.888597,14893500
2011-11-02,21.030001,21.440001,20.780001,21.330000,17.487089,14293100
2011-11-03,21.389999,21.650000,21.059999,21.629999,17.733032,12121000
2011-11-04,21.490000,21.660000,21.209999,21.540001,17.659254,10412100
2011-11-07,21.600000,22.320000,21.480000,22.309999,18.290518,16891300
2011-11-08,22.480000,22.799999,22.040001,22.770000,18.667646,15432200
2011-11-09,22.370001,22.830000,22.049999,22.200001,18.200344,14451500
2011-11-10,22.459999,22.799999,22.110001,22.459999,18.413498,18154200
2011-11-11,22.750000,23.750000,22.750000,23.110001,18.946388,27393900
2011-11-14,23.200001,24.000000,23.200001,23.500000,19.266125,29351000
2011-11-15,23.340000,23.559999,22.889999,23.200001,19.020172,14969300
2011-11-16,22.889999,24.049999,22.799999,23.490000,19.257927,23133400
2011-11-17,23.510000,23.920000,23.230000,23.379999,19.167746,18690600
2011-11-18,23.420000,23.459999,22.930000,23.309999,19.110355,14795300
2011-11-21,22.940001,23.219999,22.820000,23.090000,18.929995,12693700
2011-11-22,23.100000,23.170000,22.780001,22.809999,18.700434,11564400
2011-11-23,22.709999,22.709999,22.400000,22.480000,18.429893,11759900
2011-11-25,22.549999,23.020000,22.389999,22.680000,18.593866,6049700
2011-11-28,23.160000,23.680000,22.959999,23.360001,19.151346,13338100
2011-11-29,23.520000,24.389999,23.469999,24.299999,19.921993,26520800
2011-11-30,24.879999,25.100000,23.750000,24.010000,19.684237,27751200
2011-12-01,23.910000,24.219999,23.830000,23.870001,19.569473,14051400
2011-12-02,24.120001,24.379999,23.950001,24.309999,19.930191,19223500
2011-12-05,24.510000,24.670000,24.180000,24.350000,19.962980,13785400
2011-12-06,24.299999,24.900000,24.209999,24.770000,20.307318,18040200
2011-12-07,24.570000,25.240000,24.570000,25.200001,20.659842,32269400
2011-12-08,24.969999,25.219999,24.830000,24.879999,20.397495,26498300
2011-12-09,25.049999,25.250000,24.930000,24.969999,20.471283,20340300
2011-12-12,24.719999,24.840000,24.379999,24.690001,20.241726,14919900
2011-12-13,24.750000,24.790001,24.040001,24.180000,19.823616,15660600
2011-12-14,24.160000,24.580000,24.120001,24.480000,20.069561,22526300
2011-12-15,24.670000,24.750000,24.549999,24.660000,20.217133,18239000
2011-12-16,24.820000,25.020000,24.510000,25.020000,20.512278,28728600
2011-12-19,25.059999,25.250000,24.639999,24.719999,20.266321,15501000
2011-12-20,25.150000,25.760000,25.110001,25.730000,21.094358,18940600
2011-12-21,25.760000,26.040001,25.480000,25.959999,21.282919,18322700
2011-12-22,25.930000,25.950001,25.430000,25.459999,20.872999,15130100
2011-12-23,25.600000,25.629999,25.150000,25.270000,20.717234,11578700
2011-12-27,25.209999,25.709999,25.160000,25.540001,20.938591,9002800
2011-12-28,25.610001,25.670000,25.010000,25.059999,20.545067,12285200
2011-12-29,25.070000,25.750000,25.049999,25.680000,21.053364,11245800
2011-12-30,25.610001,25.740000,25.379999,25.379999,20.807411,7981200
2012-01-03,25.660000,26.010000,25.440001,25.520000,20.922194,14332300
2012-01-04,25.520000,26.510000,25.459999,26.469999,21.701042,19041200
2012-01-05,26.360001,26.440001,25.980000,26.370001,21.619057,14015900
2012-01-06,26.360001,26.459999,26.090000,26.340000,21.594456,12612900
2012-01-09,26.379999,26.379999,25.959999,26.100000,21.397690,12291100
2012-01-10,26.309999,26.540001,26.260000,26.430000,21.668240,9626300
2012-01-11,26.590000,26.600000,26.219999,26.530001,21.750227,11601900
2012-01-12,26.549999,26.680000,26.110001,26.389999,21.635445,16742600
2012-01-13,26.299999,26.430000,26.049999,26.320000,21.578066,16140500
2012-01-17,26.510000,26.889999,26.459999,26.799999,21.971579,19179400
2012-01-18,26.730000,27.570000,26.690001,27.459999,22.512674,19208200
2012-01-19,27.440001,27.500000,26.950001,27.330000,22.406097,14240800
2012-01-20,27.250000,27.330000,26.420000,26.530001,21.750227,15995000
2012-01-23,26.459999,26.459999,25.930000,26.330000,21.700777,14759200
2012-01-24,26.219999,26.920000,26.170000,26.879999,22.154078,13896700
2012-01-25,26.830000,27.180000,26.680000,26.910000,22.178804,17001800
2012-01-26,26.969999,27.010000,26.250000,26.950001,22.211771,18113400
2012-01-27,26.889999,27.120001,26.730000,26.910000,22.178804,11442800
2012-01-30,26.680000,26.840000,26.379999,26.820000,22.104620,11088800
2012-01-31,27.049999,27.410000,26.790001,26.830000,22.112867,18581800
2012-02-01,27.160000,27.379999,26.870001,26.879999,22.154078,13939100
2012-02-02,26.879999,26.980000,26.500000,26.820000,22.104620,12355200
2012-02-03,27.080000,27.290001,26.920000,27.200001,22.417818,14013600
2012-02-06,27.160000,27.299999,26.959999,27.010000,22.261221,11062200
2012-02-07,27.040001,27.219999,26.920000,26.959999,22.220013,12073400
2012-02-08,26.889999,27.040001,26.840000,26.879999,22.154078,17096300
2012-02-09,26.959999,27.010000,26.780001,26.910000,22.178804,15698000
2012-02-10,26.740000,27.120001,26.690001,27.090000,22.327158,10492800
2012-02-13,27.280001,27.459999,27.170000,27.389999,22.574413,11777700
2012-02-14,27.200001,27.500000,27.049999,27.190001,22.409582,10580800
2012-02-15,27.230000,27.530001,27.200001,27.430000,22.607376,17441800
2012-02-16,27.340000,27.580000,27.139999,27.309999,22.508472,12233500
2012-02-17,27.459999,27.840000,27.430000,27.680000,22.813425,9268500
2012-02-21,28.230000,28.459999,27.650000,27.760000,22.879353,15633200
2012-02-22,27.610001,27.670000,26.750000,26.950001,22.211771,21692000
2012-02-23,26.790001,27.240000,26.580000,27.059999,22.302427,19962400
2012-02-24,27.059999,27.170000,26.719999,27.160000,22.384846,15136000
2012-02-27,27.240000,28.059999,27.200001,27.340000,22.533203,21943500
2012-02-28,27.340000,27.730000,27.110001,27.709999,22.838146,18008400
2012-02-29,27.799999,28.520000,27.760000,28.379999,23.390350,19593100
2012-03-01,28.410000,28.600000,28.090000,28.379999,23.390350,12494000
2012-03-02,28.340000,28.670000,28.110001,28.129999,23.184305,15007800
2012-03-05,27.969999,28.330000,27.920000,28.240000,23.274963,15773900
2012-03-06,27.860001,28.090000,27.780001,27.840000,22.945293,14060600
2012-03-07,27.950001,29.000000,27.910000,28.870001,23.794205,30483500
2012-03-08,28.860001,29.440001,28.860001,29.360001,24.198057,22110700
2012-03-09,29.459999,29.940001,29.350000,29.770000,24.535971,19918000
2012-03-12,29.959999,30.070000,29.700001,29.840000,24.593662,12880500
2012-03-13,30.030001,30.330000,29.950001,30.230000,24.915098,23876400
2012-03-14,30.430000,30.600000,30.180000,30.490000,25.129379,20702200
2012-03-15,30.450001,30.799999,30.209999,30.690001,25.294218,20820300
2012-03-16,30.620001,30.660000,30.139999,30.410000,25.063446,17419800
2012-03-19,30.350000,30.610001,30.129999,30.530001,25.162346,11950100
2012-03-20,30.410000,30.740000,30.340000,30.590000,25.211805,10104100
2012-03-21,30.690001,31.000000,30.639999,30.860001,25.434332,12579800
2012-03-22,30.680000,31.000000,30.580000,30.950001,25.508507,12701900
2012-03-23,30.629999,30.809999,30.100000,30.740000,25.335428,17540700
2012-03-26,30.969999,31.190001,30.910000,31.180000,25.698071,10578600
2012-03-27,31.160000,31.490000,31.000000,31.180000,25.698071,16181100
2012-03-28,31.100000,31.260000,30.969999,31.219999,25.731035,11400200
2012-03-29,30.990000,31.290001,30.850000,31.209999,25.722792,10789300
2012-03-30,31.459999,31.570000,31.230000,31.379999,25.862911,13346000
2012-04-02,31.309999,31.490000,31.160000,31.379999,25.862911,12793700
2012-04-03,31.420000,31.430000,30.910000,31.070000,25.607409,11494700
2012-04-04,30.879999,31.330000,30.629999,31.270000,25.772245,13497000
2012-04-05,31.290001,31.629999,31.190001,31.350000,25.838182,13355800
2012-04-09,30.830000,31.200001,30.700001,31.090000,25.623892,12396500
2012-04-10,31.030001,31.270000,30.330000,30.330000,24.997509,12941600
2012-04-11,30.530001,31.230000,30.500000,31.020000,25.566202,13711700
2012-04-12,31.059999,31.580000,31.040001,31.500000,25.961817,7571300
2012-04-13,31.490000,31.860001,31.400000,31.690001,26.118406,8871200
2012-04-16,31.940001,32.290001,31.730000,32.049999,26.415106,11216900
2012-04-17,32.169998,32.270000,31.930000,32.080002,26.439838,10793300
2012-04-18,31.930000,32.119999,31.860001,31.959999,26.340935,7322600
2012-04-19,31.900000,32.150002,31.590000,32.000000,26.373901,12186900
2012-04-20,32.009998,32.119999,31.510000,31.650000,26.085432,9225200
2012-04-23,31.280001,31.410000,30.920000,31.120001,25.762575,8440600
2012-04-24,31.200001,31.719999,31.180000,31.379999,25.977819,9385200
2012-04-25,31.520000,31.850000,31.520000,31.730000,26.267567,7472500
2012-04-26,31.629999,31.770000,31.180000,31.430000,26.019209,13035900
2012-04-27,31.540001,31.809999,31.080000,31.610001,26.168222,10010900
2012-04-30,31.490000,31.639999,31.209999,31.469999,26.052317,13206600
2012-05-01,31.520000,32.000000,31.330000,31.610001,26.168222,7152000
2012-05-02,31.600000,32.180000,31.440001,32.099998,26.573862,10966500
2012-05-03,32.150002,32.230000,31.540001,31.660000,26.209608,7181700
2012-05-04,31.559999,31.570000,31.049999,31.090000,25.737745,8042200
2012-05-07,31.340000,31.370001,30.719999,30.790001,25.489397,12497500
2012-05-08,30.510000,30.830000,29.879999,30.670000,25.390051,16270600
2012-05-09,30.389999,30.490000,29.889999,30.340000,25.116852,11657200
2012-05-10,30.540001,30.750000,29.889999,30.180000,24.984400,19543400
2012-05-11,29.930000,30.070000,29.570000,29.620001,24.520805,19887900
2012-05-14,29.459999,29.920000,29.410000,29.559999,24.471132,13406600
2012-05-15,28.490000,29.790001,28.400000,29.030001,24.032381,26255000
2012-05-16,29.160000,29.760000,29.090000,29.320000,24.272448,14050700
2012-05-17,29.250000,29.270000,28.350000,28.370001,23.486004,19689300
2012-05-18,28.320000,28.990000,28.219999,28.480000,23.577061,19092800
2012-05-21,26.170000,26.530001,25.420000,25.600000,21.192865,50428400
2012-05-22,25.700001,26.150000,25.309999,25.490000,21.101803,25461700
2012-05-23,25.309999,26.280001,25.280001,26.190001,21.681293,30028300
2012-05-24,26.330000,27.150000,26.209999,27.100000,22.434629,25268400
2012-05-25,26.950001,27.370001,26.920000,27.240000,22.550528,16809700
2012-05-29,27.430000,27.690001,27.200001,27.490000,22.757492,18137300
2012-05-30,27.170000,27.590000,26.680000,26.990000,22.343571,24427500
2012-05-31,26.980000,27.100000,26.600000,26.719999,22.120050,19424500
2012-06-01,26.129999,26.629999,26.129999,26.360001,21.822031,19817900
2012-06-04,26.049999,26.700001,26.030001,26.660000,22.070372,16113000
2012-06-05,26.490000,26.580000,26.180000,26.430000,21.879978,15109200
2012-06-06,26.959999,27.480000,26.750000,27.480000,22.749216,17718300
2012-06-07,27.600000,28.129999,27.549999,27.690001,22.923061,21908500
2012-06-08,27.570000,27.990000,27.430000,27.920000,23.113470,12203200
2012-06-11,28.049999,28.070000,26.959999,26.980000,22.335291,15812300
2012-06-12,27.080000,27.610001,27.020000,27.440001,22.716099,15011700
2012-06-13,27.190001,27.480000,26.610001,26.879999,22.252504,15853500
2012-06-14,26.860001,27.940001,26.860001,27.770000,22.989290,15661600
2012-06-15,27.870001,28.080000,27.620001,28.049999,23.221085,22257500
2012-06-18,27.879999,28.559999,27.840000,28.430000,23.535667,11708800
2012-06-19,28.510000,28.709999,28.200001,28.540001,23.626734,11322200
2012-06-20,28.600000,28.660000,28.170000,28.629999,23.701233,11667200
2012-06-21,28.680000,28.690001,27.450001,27.500000,22.765768,14978600
2012-06-22,27.670000,27.840000,27.250000,27.309999,22.608479,16842000
2012-06-25,27.090000,27.150000,26.780001,26.930000,22.293900,10083100
2012-06-26,27.000000,27.500000,26.780001,27.260000,22.567085,13961400
2012-06-27,27.270000,27.520000,27.059999,27.299999,22.600203,9672800
2012-06-28,27.170000,27.549999,26.840000,27.240000,22.550528,12967200
2012-06-29,27.850000,28.440001,27.360001,28.440001,23.543953,12927300
2012-07-02,28.459999,28.629999,27.900000,28.620001,23.692963,9952100
2012-07-03,28.000000,28.000000,27.059999,27.620001,22.865114,13071900
2012-07-05,27.680000,27.750000,27.420000,27.580000,22.831999,9684700
2012-07-06,27.309999,27.860001,27.290001,27.850000,23.055513,9529500
2012-07-09,27.580000,27.719999,27.219999,27.280001,22.583649,10852300
2012-07-10,27.389999,27.610001,26.990000,27.170000,22.492579,10561700
2012-07-11,27.200001,27.370001,26.639999,26.670000,22.078661,18575400
2012-07-12,26.209999,26.719999,25.900000,26.570000,21.995874,16794800
2012-07-13,26.650000,26.809999,26.389999,26.719999,22.120050,10226400
2012-07-16,26.549999,26.570000,25.730000,25.799999,21.358429,25123900
2012-07-17,25.600000,25.740000,25.299999,25.549999,21.151468,24927800
2012-07-18,25.360001,25.820000,25.200001,25.660000,21.242527,18466300
2012-07-19,25.700001,26.309999,25.600000,26.030001,21.548832,13278700
2012-07-20,25.950001,26.160000,25.790001,25.790001,21.350151,12072100
2012-07-23,25.180000,26.100000,25.110001,25.770000,21.466778,9853200
2012-07-24,25.740000,25.870001,25.540001,25.770000,21.466778,8218100
2012-07-25,26.070000,26.120001,25.559999,25.600000,21.325165,8399400
2012-07-26,25.950001,26.670000,25.910000,26.600000,22.158184,13969200
2012-07-27,26.730000,27.250000,26.510000,27.070000,22.549696,12371100
2012-07-30,27.020000,27.080000,26.610001,26.860001,22.374758,6866500
2012-07-31,26.350000,26.530001,25.309999,25.370001,21.133575,22722000
2012-08-01,25.440001,25.900000,24.959999,25.139999,20.941982,28243100
2012-08-02,25.070000,25.549999,24.760000,24.850000,20.700409,15421900
2012-08-03,25.059999,25.500000,25.020000,25.490000,21.233536,10237700
2012-08-06,25.600000,25.790001,25.340000,25.410000,21.166893,12584800
2012-08-07,25.500000,26.120001,25.440001,25.969999,21.633377,12326200
2012-08-08,25.920000,26.459999,25.709999,26.420000,22.008238,12004700
2012-08-09,26.299999,26.969999,26.290001,26.910000,22.416416,12020300
2012-08-10,26.700001,26.799999,26.430000,26.770000,22.299793,10123100
2012-08-13,26.740000,26.760000,26.340000,26.549999,22.116526,10952400
2012-08-14,26.889999,27.000000,26.360001,26.540001,22.108198,14279800
2012-08-15,26.600000,27.090000,26.500000,26.830000,22.349771,15330300
2012-08-16,26.889999,27.549999,26.770000,27.450001,22.866240,12592700
2012-08-17,27.530001,27.870001,27.250000,27.870001,23.216105,13596000
2012-08-20,26.190001,27.090000,25.969999,26.260000,21.874956,47478900
2012-08-21,26.309999,26.709999,26.120001,26.430000,22.016567,16205200
2012-08-22,26.410000,27.340000,26.400000,27.240000,22.691307,20086800
2012-08-23,27.160000,27.540001,27.150000,27.360001,22.791267,16086900
2012-08-24,27.280001,27.809999,27.250000,27.730000,23.099493,11341700
2012-08-27,27.840000,27.940001,27.549999,27.700001,23.074492,10870700
2012-08-28,27.730000,28.000000,27.660000,27.850000,23.199446,9961500
2012-08-29,27.969999,28.620001,27.910000,28.340000,23.607622,14765000
2012-08-30,28.170000,28.469999,28.129999,28.180000,23.474342,11664300
2012-08-31,28.320000,28.709999,28.240000,28.480000,23.724245,15045500
2012-09-04,28.559999,28.620001,28.190001,28.430000,23.682596,10066600
2012-09-05,28.559999,28.780001,27.809999,28.100000,23.407701,14271000
2012-09-06,28.340000,28.750000,28.160000,28.379999,23.640942,17720500
2012-09-07,28.450001,28.480000,28.209999,28.320000,23.590960,15806500
2012-09-10,28.320000,29.129999,28.320000,28.690001,23.899178,12697200
2012-09-11,28.629999,28.870001,28.379999,28.600000,23.824205,10131100
2012-09-12,28.650000,28.820000,28.120001,28.219999,23.507660,11582000
2012-09-13,28.290001,29.110001,28.090000,29.020000,24.174076,13246300
2012-09-14,29.100000,29.770000,29.100000,29.400000,24.490622,11767500
2012-09-17,29.490000,29.750000,29.139999,29.230000,24.349007,10046500
2012-09-18,29.270000,29.360001,28.850000,29.180000,24.307354,11937200
2012-09-19,29.299999,29.930000,29.250000,29.590000,24.648884,11956700
2012-09-20,29.480000,30.059999,29.340000,30.000000,24.990427,13396400
2012-09-21,29.969999,30.209999,29.730000,30.190001,25.148697,20802200
2012-09-24,30.000000,30.090000,29.700001,29.799999,24.823828,11027800
2012-09-25,29.950001,30.559999,29.660000,29.670000,24.715530,15131500
2012-09-26,29.730000,30.160000,29.690001,30.010000,24.998755,15004400
2012-09-27,30.030001,30.450001,29.889999,30.260000,25.207008,8243600
2012-09-28,30.100000,30.559999,30.100000,30.240000,25.190351,10694100
2012-10-01,30.309999,30.490000,30.100000,30.309999,25.248657,14660100
2012-10-02,30.309999,30.459999,30.040001,30.290001,25.231997,10445100
2012-10-03,30.430000,30.799999,30.059999,30.700001,25.573540,16087600
2012-10-04,30.780001,31.219999,30.709999,30.950001,25.781794,11189600
2012-10-05,31.200001,32.000000,31.200001,31.770000,26.464857,17144900
2012-10-08,31.580000,31.750000,31.309999,31.549999,26.281603,6963300
2012-10-09,31.450001,31.559999,31.110001,31.129999,25.931732,8701300
2012-10-10,31.160000,31.270000,30.770000,30.889999,25.731810,11359800
2012-10-11,31.100000,31.150000,30.590000,30.770000,25.631849,10637300
2012-10-12,30.990000,31.520000,30.860001,31.180000,25.973389,11409000
2012-10-15,31.719999,32.230000,31.549999,32.200001,26.823063,14301600
2012-10-16,32.349998,32.630001,32.160000,32.349998,26.948006,8967300
2012-10-17,32.590000,32.980000,32.400002,32.790001,27.314531,10707900
2012-10-18,32.750000,32.959999,32.490002,32.570000,27.131269,9609600
2012-10-19,32.590000,33.290001,32.380001,32.639999,27.189583,14524900
2012-10-22,32.450001,32.730000,32.160000,32.709999,27.382118,9510900
2012-10-23,32.279999,32.400002,32.040001,32.299999,27.038904,7902500
2012-10-24,32.590000,32.669998,32.250000,32.290001,27.030531,7004500
2012-10-25,32.590000,32.619999,31.650000,31.790001,26.611975,7751900
2012-10-26,31.870001,32.080002,31.170000,31.360001,26.252010,13419900
2012-10-31,32.689999,32.840000,31.790001,32.380001,27.105875,14441500
2012-11-01,32.590000,33.000000,32.470001,32.959999,27.591396,10238400
2012-11-02,33.049999,33.630001,33.029999,33.150002,27.750452,13513400
2012-11-05,33.020000,33.389999,33.020000,33.060001,27.675117,7020200
2012-11-06,33.029999,33.419998,33.029999,33.290001,27.867647,6865900
2012-11-07,33.099998,33.200001,32.520000,32.770000,27.432352,10337700
2012-11-08,32.709999,32.910000,32.080002,32.099998,26.871477,9520300
2012-11-09,31.959999,31.990000,31.320000,31.469999,26.344099,13777000
2012-11-12,31.770000,32.209999,31.500000,31.980000,26.771027,8802200
2012-11-13,32.259998,32.880001,31.889999,31.969999,26.762653,16624300
2012-11-14,32.110001,32.599998,31.910000,31.980000,26.771027,11598600
2012-11-15,31.980000,32.169998,31.230000,31.400000,26.285498,9935600
2012-11-16,31.520000,32.230000,31.430000,31.980000,26.771027,14885200
2012-11-19,33.779999,34.500000,33.730000,33.959999,28.428514,25972800
2012-11-20,33.959999,34.970001,33.930000,34.450001,28.838705,16199000
2012-11-21,34.150002,34.740002,34.049999,34.549999,28.922421,10951600
2012-11-23,34.669998,35.150002,34.650002,35.150002,29.424690,4507500
2012-11-26,34.889999,35.349998,34.549999,35.349998,29.592123,12503400
2012-11-27,35.130001,35.369999,34.779999,35.340000,29.583738,15864800
2012-11-28,35.099998,35.779999,34.709999,35.770000,29.943707,12373300
2012-11-29,35.790001,36.270000,35.570000,35.610001,29.809761,22956600
2012-11-30,35.529999,36.200001,35.259998,36.090000,30.211578,17225900
2012-12-03,35.930000,36.470001,35.880001,36.040001,30.169727,15285400
2012-12-04,35.919998,36.009998,35.320000,35.619999,29.818127,12560600
2012-12-05,35.549999,35.669998,34.799999,35.200001,29.466547,14365700
2012-12-06,35.160000,35.250000,34.810001,35.169998,29.441427,11640700
2012-12-07,35.209999,35.490002,34.860001,35.110001,29.391203,7773600
2012-12-10,35.160000,35.250000,34.730000,34.810001,29.140070,6701700
2012-12-11,34.840000,34.990002,34.599998,34.820000,29.148441,9153600
2012-12-12,34.790001,35.029999,34.459999,34.730000,29.073099,11917100
2012-12-13,34.820000,35.220001,34.490002,34.529999,28.905676,7611400
2012-12-14,34.509998,34.580002,34.200001,34.459999,28.847078,7668800
2012-12-17,34.470001,35.869999,34.470001,35.849998,30.010672,12348300
2012-12-18,35.720001,36.139999,35.509998,35.830002,29.993927,11575200
2012-12-19,35.799999,35.980000,35.099998,35.110001,29.391203,11063800
2012-12-20,35.130001,35.389999,34.889999,35.380001,29.617231,9292200
2012-12-21,35.040001,35.330002,34.720001,35.040001,29.332603,18425700
2012-12-24,34.970001,35.349998,34.910000,35.240002,29.500027,3300800
2012-12-26,35.240002,35.450001,34.970001,35.200001,29.466547,6747800
2012-12-27,35.119999,35.380001,34.540001,35.130001,29.407944,8244900
2012-12-28,34.860001,35.540001,34.599998,34.980000,29.282375,8115000
2012-12-31,34.840000,35.619999,34.610001,35.520000,29.734425,9869000
2013-01-02,36.130001,36.380001,35.830002,36.189999,30.295290,8229700
2013-01-03,36.320000,36.400002,35.709999,35.849998,30.010672,8564600
2013-01-04,35.939999,36.049999,35.549999,35.580002,29.784643,7705000
2013-01-07,34.990002,35.180000,34.430000,34.759998,29.098207,12497600
2013-01-08,34.930000,35.310001,34.650002,34.779999,29.114956,6513700
2013-01-09,34.910000,35.230000,34.799999,34.880001,29.198668,5400700
2013-01-10,35.040001,35.560001,34.799999,35.549999,29.759533,8024800
2013-01-11,35.599998,35.880001,35.459999,35.830002,29.993927,8307700
2013-01-14,35.799999,35.849998,35.310001,35.380001,29.617231,9530900
2013-01-15,35.450001,35.990002,35.209999,35.930000,30.077633,8270100
2013-01-16,35.799999,36.000000,35.549999,35.770000,29.943707,4543400
2013-01-17,35.990002,37.080002,35.970001,37.000000,30.973362,11461600
2013-01-18,37.060001,37.150002,36.630001,36.990002,31.099466,11866400
2013-01-22,37.029999,37.439999,36.799999,37.439999,31.477804,8718800
2013-01-23,37.299999,37.970001,37.049999,37.880001,31.847721,12682100
2013-01-24,37.950001,38.529999,37.880001,38.410000,32.293343,13364100
2013-01-25,38.500000,39.259998,38.230000,38.580002,32.436268,15477200
2013-01-28,38.709999,38.750000,38.169998,38.349998,32.242886,7698000
2013-01-29,38.200001,38.529999,38.020000,38.230000,32.142002,7748800
2013-01-30,38.279999,38.419998,38.060001,38.209999,32.125183,6144900
2013-01-31,38.200001,38.570000,37.959999,38.189999,32.108368,10543000
2013-02-01,38.450001,39.150002,38.400002,38.560001,32.419453,11080200
2013-02-04,38.290001,38.810001,37.919998,37.939999,31.898182,8536400
2013-02-05,38.220001,38.549999,38.200001,38.330002,32.226082,8637200
2013-02-06,38.220001,38.680000,37.980000,38.669998,32.511936,8650300
2013-02-07,38.520000,38.900002,38.310001,38.770000,32.596004,9693900
2013-02-08,38.770000,39.200001,38.709999,39.029999,32.814613,5914000
2013-02-11,39.119999,39.209999,38.930000,39.060001,32.839828,5049900
2013-02-12,39.270000,39.910000,39.169998,39.790001,33.453579,7696600
2013-02-13,39.869999,39.980000,39.480000,39.770000,33.436775,5722600
2013-02-14,39.720001,39.880001,39.410000,39.570000,33.268616,8023000
2013-02-15,39.400002,39.740002,38.759998,39.139999,32.907093,9977700
2013-02-19,39.259998,39.720001,38.889999,39.410000,33.134098,8142900
2013-02-20,39.410000,39.630001,38.630001,38.639999,32.486721,8441600
2013-02-21,37.799999,38.160000,37.230000,37.669998,31.671173,13460000
2013-02-22,37.980000,38.119999,37.560001,37.669998,31.671173,8770400
2013-02-25,38.070000,38.380001,35.860001,35.860001,30.149424,20372000
2013-02-26,36.150002,37.220001,35.919998,36.590000,30.763170,18853100
2013-02-27,36.480000,37.799999,36.459999,37.709999,31.704813,17520600
2013-02-28,37.740002,38.459999,37.599998,38.150002,32.074745,13931600
2013-03-01,37.910000,38.520000,37.799999,38.380001,32.268116,11073400
2013-03-04,38.119999,38.439999,37.910000,38.430000,32.310158,8527400
2013-03-05,38.540001,38.810001,38.299999,38.759998,32.587605,7843600
2013-03-06,38.750000,39.220001,38.680000,38.830002,32.646458,6575800
2013-03-07,38.830002,38.889999,38.240002,38.700001,32.537155,6206800
2013-03-08,38.900002,39.389999,38.799999,39.310001,33.050018,6696100
2013-03-11,39.130001,39.689999,39.130001,39.669998,33.352684,6308600
2013-03-12,39.590000,39.689999,38.880001,39.040001,32.823006,7364600
2013-03-13,39.200001,39.520000,39.000000,39.400002,33.125683,5383400
2013-03-14,39.380001,39.549999,39.099998,39.200001,32.957542,7326300
2013-03-15,39.029999,39.299999,38.740002,38.810001,32.629642,9708100
2013-03-18,38.459999,38.990002,38.349998,38.740002,32.570793,7319100
2013-03-19,38.759998,39.000000,37.959999,38.240002,32.150417,9333700
2013-03-20,38.470001,38.740002,38.349998,38.410000,32.293343,5842100
2013-03-21,38.200001,38.490002,37.630001,37.759998,31.746847,10148600
2013-03-22,37.930000,37.950001,37.549999,37.830002,31.805698,7641400
2013-03-25,38.110001,38.759998,38.020000,38.119999,32.049526,10506700
2013-03-26,38.389999,38.439999,37.919998,38.220001,32.133587,5646600
2013-03-27,37.970001,38.349998,37.919998,38.180000,32.099949,3464100
2013-03-28,38.060001,38.340000,37.880001,37.919998,31.881355,9215400
2013-04-01,37.799999,37.919998,37.330002,37.520000,31.545071,11165800
2013-04-02,37.590000,38.139999,37.590000,38.020000,31.965437,5622400
2013-04-03,38.099998,38.250000,37.500000,37.869999,31.839325,9207100
2013-04-04,37.930000,38.750000,37.930000,38.630001,32.478302,11629700
2013-04-05,38.169998,38.500000,37.680000,38.389999,32.276520,7626000
2013-04-08,38.360001,39.029999,38.320000,38.980000,32.772568,7895600
2013-04-09,39.080002,39.240002,38.790001,38.869999,32.680073,6667100
2013-04-10,38.869999,39.080002,38.639999,39.009998,32.797794,7302100
2013-04-11,39.150002,39.419998,38.799999,38.840000,32.654861,7878200
2013-04-12,38.689999,39.380001,38.560001,38.919998,32.722126,6995900
2013-04-15,38.599998,39.180000,37.900002,37.910000,31.872969,10045400
2013-04-16,38.200001,38.369999,37.470001,37.990002,31.940243,11945000
2013-04-17,37.820000,37.970001,37.380001,37.590000,31.603912,8839500
2013-04-18,37.740002,37.759998,37.090000,37.320000,31.376905,8215600
2013-04-19,37.480000,38.349998,37.470001,38.119999,32.049526,7786800
2013-04-22,38.029999,38.060001,37.389999,37.689999,31.821547,5180100
2013-04-23,37.799999,38.330002,37.619999,38.009998,32.091728,8800300
2013-04-24,38.150002,38.340000,37.660000,37.709999,31.838442,7076300
2013-04-25,37.730000,37.939999,37.419998,37.790001,31.905994,8312400
2013-04-26,37.790001,38.020000,37.700001,37.700001,31.830002,5232900
2013-04-29,37.779999,38.450001,37.560001,38.250000,32.294361,10374100
2013-04-30,38.189999,38.580002,38.060001,38.419998,32.437889,5850700
2013-05-01,38.340000,38.520000,37.980000,38.180000,32.235275,7105500
2013-05-02,38.290001,38.869999,38.119999,38.869999,32.817825,5687700
2013-05-03,39.150002,39.610001,39.049999,39.590000,33.425728,6987500
2013-05-06,39.540001,40.880001,39.500000,40.810001,34.455772,10498100
2013-05-07,40.869999,41.139999,40.119999,40.290001,34.016743,8953600
2013-05-08,40.700001,42.400002,40.220001,42.349998,35.755997,14062900
2013-05-09,42.130001,42.290001,41.549999,41.770000,35.266293,9947700
2013-05-10,41.889999,42.080002,41.630001,42.070000,35.519596,4584900
2013-05-13,41.880001,42.290001,41.880001,42.090000,35.536480,3863200
2013-05-14,42.209999,42.900002,42.209999,42.779999,36.119041,6416800
2013-05-15,42.740002,43.279999,42.740002,43.230000,36.498966,6682500
2013-05-16,43.169998,43.549999,42.720001,42.759998,36.102158,7490700
2013-05-17,42.810001,42.970001,42.389999,42.669998,36.026161,7812700
2013-05-20,42.259998,42.770000,42.160000,42.380001,35.781315,7161200
2013-05-21,43.080002,43.400002,42.180000,42.450001,35.840416,10779500
2013-05-22,43.299999,43.840000,42.459999,42.970001,36.279453,19588200
2013-05-23,42.439999,42.790001,42.150002,42.689999,36.043034,8272600
2013-05-24,42.130001,42.709999,42.060001,42.639999,36.000832,7603100
2013-05-28,43.119999,43.419998,42.709999,42.860001,36.186577,6755800
2013-05-29,42.560001,43.270000,42.430000,43.090000,36.380768,7309000
2013-05-30,43.240002,43.490002,42.630001,42.660000,36.017735,6775400
2013-05-31,42.439999,43.259998,42.110001,42.110001,35.553349,7494500
2013-06-03,42.119999,42.360001,41.619999,42.360001,35.764439,6169800
2013-06-04,42.169998,42.459999,40.970001,40.990002,34.607742,9221300
2013-06-05,40.830002,40.849998,39.590000,39.599998,33.434155,12360700
2013-06-06,39.790001,40.700001,39.560001,40.700001,34.362892,9583100
2013-06-07,41.009998,41.669998,40.889999,41.599998,35.122753,10925100
2013-06-10,41.580002,41.770000,40.980000,41.180000,34.768162,7370100
2013-06-11,40.639999,41.349998,40.599998,40.889999,34.523312,4589200
2013-06-12,41.299999,41.520000,40.580002,40.610001,34.286919,6525200
2013-06-13,40.599998,41.349998,40.520000,41.180000,34.768162,5622400
2013-06-14,41.040001,41.840000,41.000000,41.160000,34.751278,7450400
2013-06-17,41.380001,41.790001,41.080002,41.369999,34.928570,5958300
2013-06-18,41.410000,41.599998,41.150002,41.459999,35.004559,4486900
2013-06-19,41.590000,41.650002,40.990002,41.029999,34.641518,7614100
2013-06-20,40.590000,40.630001,39.810001,39.820000,33.619907,12013600
2013-06-21,40.240002,40.270000,39.270000,39.549999,33.391956,16890200
2013-06-24,39.049999,39.820000,38.869999,39.450001,33.307533,8683000
2013-06-25,39.799999,39.919998,39.480000,39.509998,33.358185,9647300
2013-06-26,39.950001,40.660000,39.950001,40.529999,34.219364,9528600
2013-06-27,40.750000,41.380001,40.689999,41.150002,34.742828,7787200
2013-06-28,41.080002,41.299999,40.700001,40.900002,34.531761,12195300
2013-07-01,41.189999,41.430000,40.950001,41.060001,34.666840,5924500
2013-07-02,41.450001,42.840000,41.340000,42.369999,35.772873,12271900
2013-07-03,42.099998,42.500000,41.939999,42.320000,35.730667,4074000
2013-07-05,42.500000,42.889999,42.299999,42.779999,36.119041,4048600
2013-07-08,42.880001,43.549999,42.869999,43.500000,36.726929,5727200
2013-07-09,43.560001,43.980000,43.410000,43.810001,36.988655,5482000
2013-07-10,43.740002,43.820000,43.169998,43.389999,36.634052,5247600
2013-07-11,44.020000,44.200001,43.279999,43.369999,36.617172,7224800
2013-07-12,43.389999,43.860001,43.349998,43.830002,37.005547,4507900
2013-07-15,44.000000,44.419998,43.750000,43.750000,36.938007,8203400
2013-07-16,43.650002,44.090000,43.500000,43.790001,36.971779,4093700
2013-07-17,44.049999,44.509998,43.950001,44.259998,37.368591,5563200
2013-07-18,44.270000,44.549999,44.070000,44.290001,37.393917,5431500
2013-07-19,44.320000,44.369999,43.900002,44.270000,37.377037,4335500
2013-07-22,44.150002,44.720001,43.950001,44.680000,37.877205,5506600
2013-07-23,44.759998,45.160000,44.740002,45.099998,38.233253,6578200
2013-07-24,45.259998,45.299999,44.590000,44.750000,37.936539,5612800
2013-07-25,44.599998,44.700001,43.779999,44.130001,37.410938,8425800
2013-07-26,43.869999,44.040001,43.610001,43.970001,37.275311,5130800
2013-07-29,43.950001,44.090000,43.380001,43.439999,36.826019,6020700
2013-07-30,43.790001,44.310001,43.790001,44.040001,37.334648,7083400
2013-07-31,44.009998,45.029999,44.000000,44.580002,37.792435,6857900
2013-08-01,44.939999,45.189999,44.759998,45.040001,38.182396,5794500
2013-08-02,44.970001,45.270000,44.689999,44.990002,38.140007,6763600
2013-08-05,44.810001,45.490002,44.770000,45.470001,38.546925,4488300
2013-08-06,45.369999,45.459999,44.689999,44.869999,38.038265,7986700
2013-08-07,44.750000,44.810001,44.169998,44.299999,37.555069,6507900
2013-08-08,45.270000,46.250000,45.200001,46.160000,39.131878,11217200
2013-08-09,46.029999,46.040001,45.529999,45.680000,38.724949,6613800
2013-08-12,45.590000,46.250000,45.590000,45.799999,38.826675,5075200
2013-08-13,45.779999,46.230000,45.360001,46.130001,39.106438,5708400
2013-08-14,46.110001,46.150002,44.959999,45.000000,38.148464,8957600
2013-08-15,44.459999,44.560001,43.759998,43.849998,37.173576,8911900
2013-08-16,43.860001,44.639999,43.790001,43.959999,37.266838,8342100
2013-08-19,44.070000,44.189999,43.549999,43.669998,37.020988,6126100
2013-08-20,44.380001,44.520000,43.520000,44.080002,37.368557,10291200
2013-08-21,45.610001,47.250000,45.520000,45.810001,38.835152,30111000
2013-08-22,45.970001,47.509998,45.919998,47.389999,40.174587,10274400
2013-08-23,47.240002,47.500000,46.570000,46.980000,39.827007,8124400
2013-08-26,47.009998,47.439999,46.830002,46.990002,39.835499,6085100
2013-08-27,46.389999,46.700001,45.950001,46.000000,38.996235,7316000
2013-08-28,45.880001,46.669998,45.860001,46.380001,39.318375,7153900
2013-08-29,46.279999,46.770000,46.000000,46.419998,39.352276,4470600
2013-08-30,46.500000,46.619999,45.650002,45.820000,38.843632,5610200
2013-09-03,46.250000,46.490002,45.169998,45.610001,38.665611,7003400
2013-09-04,45.720001,46.020000,45.630001,45.970001,38.970791,5468500
2013-09-05,45.880001,46.220001,45.779999,45.860001,38.877544,4558000
2013-09-06,46.070000,46.200001,45.250000,45.599998,38.657135,5596100
2013-09-09,45.820000,46.799999,45.799999,46.630001,39.530315,5714200
2013-09-10,46.799999,47.180000,46.639999,47.150002,39.971134,5887700
2013-09-11,47.290001,47.580002,46.959999,47.369999,40.157639,4680700
2013-09-12,47.279999,47.380001,46.630001,46.990002,39.835499,7086100
2013-09-13,47.150002,47.290001,46.590000,46.860001,39.725292,6199800
2013-09-16,47.299999,47.459999,46.480000,46.840000,39.708344,6485000
2013-09-17,46.759998,47.049999,46.599998,46.849998,39.716797,5347900
2013-09-18,46.770000,48.020000,46.419998,47.750000,40.479782,7535200
2013-09-19,48.000000,49.169998,48.000000,48.980000,41.522511,11076500
2013-09-20,49.070000,49.139999,47.840000,47.840000,40.556068,11704700
2013-09-23,47.660000,47.740002,47.189999,47.270000,40.072865,7187300
2013-09-24,47.189999,48.430000,47.020000,48.040001,40.725628,7195300
2013-09-25,48.020000,48.020000,47.340000,47.540001,40.301746,5916600
2013-09-26,47.730000,48.160000,47.730000,47.889999,40.598465,4354400
2013-09-27,47.790001,48.020000,47.630001,47.770000,40.496731,4107600
2013-09-30,47.310001,47.959999,47.200001,47.610001,40.361099,5846500
2013-10-01,47.639999,48.380001,47.500000,48.189999,40.852783,6662500
2013-10-02,47.849998,48.480000,47.660000,48.410000,41.039280,5951600
2013-10-03,48.540001,48.799999,47.549999,47.930000,40.632381,7403300
2013-10-04,47.970001,48.220001,47.849998,48.139999,40.810410,5518600
2013-10-07,47.540001,47.820000,47.259998,47.259998,40.064384,6404200
2013-10-08,47.250000,47.599998,46.490002,46.529999,39.445545,7306200
2013-10-09,46.529999,47.070000,46.099998,46.599998,39.504868,6652000
2013-10-10,47.270000,47.889999,47.160000,47.820000,40.539116,5738400
2013-10-11,47.959999,48.810001,47.930000,48.799999,41.369907,6949900
2013-10-14,48.450001,48.970001,48.360001,48.880001,41.437733,4959300
2013-10-15,48.840000,48.840000,47.950001,48.450001,41.073200,7282700
2013-10-16,48.720001,48.790001,47.840000,48.470001,41.090153,9179900
2013-10-17,48.320000,49.119999,48.310001,49.020000,41.556419,6769800
2013-10-18,48.480000,48.480000,47.580002,47.660000,40.403473,12981900
2013-10-21,47.590000,48.029999,47.400002,48.020000,40.862991,6482500
2013-10-22,48.189999,48.529999,48.119999,48.189999,41.007660,7711400
2013-10-23,48.169998,49.310001,48.119999,49.250000,41.909672,9541700
2013-10-24,49.290001,50.480000,49.220001,50.439999,42.922321,8420900
2013-10-25,50.250000,50.630001,49.930000,50.590000,43.049969,6014300
2013-10-28,50.490002,50.520000,49.830002,50.110001,42.641506,5916400
2013-10-29,50.290001,50.709999,50.189999,50.610001,43.066978,8843200
2013-10-30,50.669998,50.740002,49.770000,50.150002,42.675552,6991100
2013-10-31,50.250000,50.340000,49.660000,49.779999,42.360683,7212200
2013-11-01,49.830002,49.990002,49.150002,49.180000,41.850117,9961600
2013-11-04,49.490002,49.820000,49.480000,49.770000,42.352177,5592500
2013-11-05,49.540001,50.419998,49.400002,50.180000,42.701073,5153500
2013-11-06,50.419998,50.500000,49.820000,49.970001,42.522362,4104400
2013-11-07,50.110001,50.430000,49.029999,49.070000,41.756512,4694500
2013-11-08,49.009998,49.259998,48.480000,48.720001,41.458672,8931200
2013-11-11,48.820000,49.439999,48.720001,49.099998,41.782028,5530100
2013-11-12,49.369999,50.389999,49.369999,50.119999,42.650013,10150000
2013-11-13,49.810001,51.279999,49.810001,51.279999,43.637115,7433500
2013-11-14,51.439999,52.029999,51.380001,51.950001,44.207268,9024800
2013-11-15,52.049999,52.080002,51.529999,51.770000,44.054096,10833100
2013-11-18,51.740002,51.770000,50.770000,50.889999,43.305237,8655100
2013-11-19,51.500000,51.849998,50.180000,50.439999,42.922321,12070900
2013-11-20,48.500000,48.900002,47.160000,47.330002,40.275833,26083700
2013-11-21,47.540001,48.790001,47.169998,48.200001,41.016174,11977200
2013-11-22,48.220001,48.240002,47.680000,47.900002,40.760872,6142600
2013-11-25,48.049999,48.290001,47.509998,47.750000,40.633251,6472200
2013-11-26,47.860001,48.320000,47.840000,48.009998,40.854485,6901400
2013-11-27,47.980000,48.209999,47.610001,47.889999,40.752377,4561900
2013-11-29,47.889999,47.970001,47.450001,47.480000,40.403488,3343900
2013-12-02,47.580002,47.599998,46.720001,46.830002,39.850365,6834800
2013-12-03,45.820000,46.549999,45.750000,46.500000,39.569550,11475200
2013-12-04,46.189999,47.040001,46.080002,46.860001,39.875881,8019100
2013-12-05,46.700001,47.080002,46.549999,46.610001,39.663147,5232900
2013-12-06,47.189999,48.480000,47.139999,47.980000,40.828945,8217900
2013-12-09,47.889999,48.180000,47.689999,47.759998,40.641754,6269600
2013-12-10,47.680000,47.970001,47.320000,47.360001,40.301373,5477500
2013-12-11,47.340000,47.799999,47.220001,47.310001,40.258820,5307800
2013-12-12,47.310001,47.389999,46.820000,46.889999,39.901409,4552400
2013-12-13,46.900002,47.380001,46.900002,47.110001,40.088627,3815800
2013-12-16,47.470001,47.720001,47.080002,47.130001,40.105656,4228200
2013-12-17,47.160000,47.230000,46.439999,46.650002,39.697174,5502000
2013-12-18,46.700001,48.480000,46.619999,48.320000,41.118286,10359700
2013-12-19,48.060001,48.919998,47.750000,48.389999,41.177853,7668100
2013-12-20,48.580002,48.919998,47.919998,47.970001,40.820461,8169900
2013-12-23,47.959999,48.790001,47.959999,48.400002,41.186356,4715100
2013-12-24,48.430000,48.950001,48.279999,48.700001,41.441650,2281800
2013-12-26,48.830002,49.230000,48.730000,49.029999,41.722450,3124500
2013-12-27,49.150002,49.450001,48.650002,48.830002,41.552273,3828600
2013-12-30,48.980000,49.430000,48.910000,49.250000,41.909672,3202800
2013-12-31,49.220001,49.610001,49.180000,49.549999,42.164959,3457300
2014-01-02,49.549999,49.860001,49.150002,49.439999,42.071369,5458300
2014-01-03,49.410000,49.529999,48.830002,48.950001,41.654392,4257500
2014-01-06,48.970001,49.099998,48.040001,48.259998,41.067230,4923000
2014-01-07,48.400002,48.820000,48.000000,48.380001,41.169346,5541900
2014-01-08,48.279999,48.750000,48.250000,48.549999,41.314003,4875800
2014-01-09,48.750000,48.880001,48.360001,48.750000,41.484188,4941400
2014-01-10,48.919998,49.779999,48.880001,49.680000,42.275578,5736400
2014-01-13,49.400002,49.910000,48.500000,48.660000,41.407600,6403800
2014-01-14,48.610001,48.930000,48.369999,48.900002,41.611851,5498900
2014-01-15,48.980000,49.029999,48.099998,48.290001,41.092754,6224600
2014-01-16,48.110001,48.279999,47.770000,48.180000,40.999146,4146200
2014-01-17,48.099998,48.139999,47.560001,47.610001,40.666035,5764000
2014-01-21,47.590000,47.860001,47.259998,47.820000,40.845409,7430100
2014-01-22,47.840000,47.849998,47.180000,47.750000,40.785614,7916600
2014-01-23,47.549999,48.220001,47.250000,48.150002,41.127281,6938800
2014-01-24,47.779999,48.299999,47.730000,47.830002,40.853951,9086200
2014-01-27,47.779999,48.320000,47.340000,48.000000,40.999146,8050300
2014-01-28,46.750000,47.380001,46.580002,46.959999,40.110840,13364000
2014-01-29,46.570000,46.889999,45.779999,45.970001,39.265228,9922000
2014-01-30,46.310001,46.779999,45.959999,46.500000,39.717934,5772900
2014-01-31,46.009998,46.799999,45.619999,46.290001,39.538563,6767300
2014-02-03,46.259998,46.529999,45.480000,45.599998,38.949192,7755000
2014-02-04,45.549999,45.730000,44.779999,44.900002,38.351295,8399200
2014-02-05,44.820000,45.669998,44.450001,45.529999,38.889412,8036000
2014-02-06,45.669998,46.639999,45.599998,46.580002,39.786263,6486400
2014-02-07,46.110001,46.259998,45.439999,46.070000,39.350639,9641200
2014-02-10,46.110001,46.419998,45.910000,46.119999,39.393349,7342900
2014-02-11,45.980000,46.939999,45.970001,46.759998,39.940018,6922100
2014-02-12,46.779999,47.090000,46.560001,46.680000,39.871677,6788200
2014-02-13,46.470001,46.810001,46.029999,46.639999,39.837505,5051600
2014-02-14,46.599998,47.389999,46.459999,47.279999,40.384163,3459900
2014-02-18,47.500000,47.680000,46.689999,46.930000,40.085209,5454500
2014-02-19,46.810001,47.169998,46.509998,46.540001,39.752102,5460600
2014-02-20,46.669998,47.090000,46.599998,46.660000,39.854599,7724200
2014-02-21,46.660000,47.299999,46.660000,47.060001,40.196262,7675200
2014-02-24,47.209999,47.779999,47.209999,47.220001,40.332916,7786700
2014-02-25,47.840000,48.369999,47.759998,48.110001,41.093113,10095100
2014-02-26,50.200001,51.279999,48.810001,50.720001,43.322441,18638100
2014-02-27,50.580002,51.020000,50.389999,50.820000,43.407856,7249300
2014-02-28,50.880001,50.889999,49.470001,50.029999,42.733070,9573400
2014-03-03,48.599998,50.580002,48.599998,50.189999,42.869736,7203400
2014-03-04,50.419998,50.779999,50.270000,50.630001,43.245567,6390300
2014-03-05,50.740002,50.779999,50.299999,50.349998,43.006409,5217200
2014-03-06,49.730000,50.250000,49.689999,50.090000,42.784332,4380800
2014-03-07,50.500000,50.529999,50.020000,50.419998,43.066189,4340500
2014-03-10,50.279999,50.500000,49.980000,49.990002,42.698902,5132100
2014-03-11,50.099998,50.200001,49.279999,49.459999,42.246197,4553000
2014-03-12,49.310001,49.389999,48.939999,49.380001,42.177872,4435900
2014-03-13,49.529999,49.750000,48.619999,48.709999,41.605598,5587200
2014-03-14,49.090000,49.619999,48.959999,49.090000,41.930176,5298700
2014-03-17,49.250000,49.820000,49.209999,49.480000,42.263294,4965200
2014-03-18,49.490002,49.930000,49.349998,49.830002,42.562244,3910600
2014-03-19,49.939999,50.279999,49.279999,49.580002,42.348713,4315500
2014-03-20,49.410000,49.610001,49.230000,49.549999,42.323074,4145500
2014-03-21,49.840000,50.070000,49.189999,49.250000,42.066841,7777500
2014-03-24,49.320000,49.580002,48.750000,49.180000,42.007046,5388400
2014-03-25,49.270000,49.360001,48.189999,48.360001,41.306641,5955600
2014-03-26,48.459999,48.830002,48.160000,48.529999,41.451847,7082300
2014-03-27,48.389999,48.570000,48.220001,48.540001,41.460388,5300800
2014-03-28,48.840000,49.020000,48.630001,48.919998,41.784962,4016300
2014-03-31,49.110001,49.139999,48.759998,48.900002,41.767891,6694100
2014-04-01,49.070000,49.790001,49.049999,49.430000,42.220585,3571000
2014-04-02,49.389999,49.970001,49.290001,49.520000,42.297455,4846000
2014-04-03,49.500000,49.590000,48.889999,49.049999,41.896000,4765600
2014-04-04,49.209999,49.240002,48.180000,48.439999,41.374977,5951900
2014-04-07,48.450001,48.520000,46.580002,46.770000,39.948540,8818100
2014-04-08,46.750000,46.910000,46.410000,46.730000,39.914379,6887600
2014-04-09,46.820000,47.610001,46.509998,47.540001,40.606251,6023000
2014-04-10,47.490002,47.860001,46.750000,46.790001,39.965637,6203400
2014-04-11,46.660000,46.720001,46.189999,46.310001,39.555641,4931500
2014-04-14,46.639999,47.139999,46.270000,46.639999,39.837505,4698300
2014-04-15,46.959999,46.959999,45.790001,46.709999,39.897285,5437900
2014-04-16,46.970001,47.180000,46.560001,46.730000,39.914379,4270900
2014-04-17,46.509998,47.080002,46.290001,46.799999,39.974174,4281000
2014-04-21,46.660000,46.880001,46.509998,46.680000,40.025623,3140900
2014-04-22,46.750000,47.880001,46.669998,47.540001,40.763027,4687200
2014-04-23,47.529999,47.680000,46.189999,46.220001,39.631203,7862500
2014-04-24,46.459999,47.180000,46.340000,47.160000,40.437195,4674800
2014-04-25,46.980000,47.009998,46.349998,46.380001,39.768387,4589200
2014-04-28,46.599998,47.200001,45.669998,46.380001,39.768387,7024100
2014-04-29,46.480000,46.580002,46.139999,46.430000,39.811260,3888400
2014-04-30,46.299999,46.369999,45.650002,45.910000,39.365376,6618800
2014-05-01,46.049999,46.689999,45.889999,46.369999,39.759800,4367100
2014-05-02,46.380001,47.340000,46.380001,46.980000,40.282845,4732300
2014-05-05,46.680000,46.840000,46.130001,46.290001,39.691223,3984700
2014-05-06,46.189999,46.250000,45.310001,45.389999,38.919521,4586800
2014-05-07,45.599998,45.790001,44.680000,45.110001,38.679428,5148500
2014-05-08,45.070000,45.790001,44.779999,45.020000,38.602261,3718200
2014-05-09,45.009998,45.730000,44.889999,45.709999,39.193897,4023700
2014-05-12,45.830002,46.450001,45.820000,46.279999,39.682644,2820500
2014-05-13,46.299999,46.630001,45.509998,45.759998,39.236774,3962300
2014-05-14,45.680000,45.700001,44.990002,45.169998,38.730869,5480300
2014-05-15,44.910000,44.910000,44.130001,44.630001,38.267853,7721200
2014-05-16,44.770000,45.400002,44.770000,45.360001,38.893791,5727100
2014-05-19,45.240002,45.689999,45.000000,45.549999,39.056705,4567700
2014-05-20,46.009998,46.290001,45.250000,45.520000,39.030975,8853200
2014-05-21,45.400002,45.840000,44.310001,45.410000,38.936657,8572000
2014-05-22,45.200001,47.150002,45.200001,46.889999,40.205681,8780800
2014-05-23,46.820000,47.139999,46.730000,47.060001,40.351452,5096400
2014-05-27,47.180000,47.830002,47.150002,47.779999,40.968819,5534400
2014-05-28,46.910000,47.240002,46.570000,46.709999,40.051334,6889900
2014-05-29,46.860001,47.150002,46.450001,47.009998,40.308567,3947800
2014-05-30,46.970001,47.110001,46.570000,47.080002,40.368607,4288900
2014-06-02,47.090000,47.410000,46.889999,47.009998,40.308567,4070800
2014-06-03,46.820000,47.380001,46.799999,47.220001,40.488651,3560600
2014-06-04,47.090000,47.400002,46.860001,47.169998,40.445774,4501900
2014-06-05,47.340000,47.610001,47.060001,47.400002,40.642986,4300100
2014-06-06,47.529999,47.900002,47.439999,47.770000,40.960239,3860500
2014-06-09,47.660000,48.250000,47.529999,47.610001,40.823051,3700200
2014-06-10,47.450001,47.750000,47.279999,47.590000,40.805904,3588100
2014-06-11,47.380001,47.520000,46.820000,46.910000,40.222832,4244900
2014-06-12,46.570000,46.660000,45.520000,45.549999,39.056705,11318400
2014-06-13,45.689999,45.830002,45.099998,45.450001,38.970966,6139500
2014-06-16,45.360001,45.619999,45.209999,45.419998,38.945232,6713500
2014-06-17,45.340000,46.070000,45.240002,45.840000,39.305374,8366900
2014-06-18,45.759998,45.950001,45.500000,45.840000,39.305374,10408400
2014-06-19,45.939999,46.189999,45.610001,45.900002,39.356812,4751200
2014-06-20,46.080002,46.240002,45.650002,46.020000,39.459698,13871100
2014-06-23,45.980000,46.230000,45.840000,46.080002,39.511147,6532800
2014-06-24,45.959999,46.860001,45.700001,46.509998,39.879848,11137700
2014-06-25,46.580002,46.880001,46.389999,46.700001,40.042759,5059500
2014-06-26,46.830002,47.439999,46.750000,47.200001,40.471481,5272000
2014-06-27,47.130001,47.570000,47.070000,47.419998,40.660130,5216600
2014-06-30,47.320000,48.060001,47.070000,47.990002,41.148880,7388700
2014-07-01,48.029999,48.419998,47.970001,48.130001,41.268909,5843800
2014-07-02,48.160000,48.389999,48.000000,48.119999,41.260334,3097900
2014-07-03,48.220001,48.439999,48.180000,48.230000,41.354660,2132400
2014-07-07,48.099998,48.400002,47.970001,48.209999,41.337524,4538000
2014-07-08,48.080002,48.150002,47.630001,47.820000,41.003109,5011300
2014-07-09,48.009998,48.320000,47.590000,47.860001,41.037418,5830900
2014-07-10,46.669998,47.419998,46.480000,47.200001,40.471481,8008700
2014-07-11,47.180000,47.509998,47.090000,47.439999,40.677277,4430800
2014-07-14,47.700001,47.700001,47.139999,47.220001,40.488651,4358900
2014-07-15,47.349998,47.730000,47.270000,47.509998,40.737309,5921700
2014-07-16,47.630001,47.770000,47.230000,47.660000,40.865910,5318100
2014-07-17,47.419998,47.779999,47.220001,47.299999,40.557232,5010000
2014-07-18,47.450001,47.869999,47.380001,47.810001,40.994534,5211200
2014-07-21,47.619999,47.759998,47.419998,47.580002,40.994534,3117900
2014-07-22,47.590000,48.080002,47.540001,47.790001,41.175472,3222400
2014-07-23,47.770000,48.000000,47.599998,47.910000,41.278862,3917900
2014-07-24,47.980000,48.360001,47.880001,48.000000,41.356396,3934600
2014-07-25,47.810001,48.130001,47.549999,47.700001,41.097923,4531100
2014-07-28,47.759998,47.849998,47.349998,47.689999,41.089321,3192900
2014-07-29,47.720001,48.259998,47.700001,48.040001,41.390869,4181400
2014-07-30,48.200001,48.540001,48.060001,48.470001,41.761353,4380500
2014-07-31,48.180000,48.470001,47.849998,47.849998,41.227161,4740700
2014-08-01,47.889999,48.130001,47.270000,47.590000,41.003151,5231200
2014-08-04,47.610001,48.049999,47.599998,47.910000,41.278862,3528100
2014-08-05,47.759998,48.230000,47.549999,47.639999,41.046230,4879400
2014-08-06,47.590000,48.220001,47.520000,48.099998,41.442562,3968500
2014-08-07,48.259998,48.500000,47.799999,47.919998,41.287476,3175700
2014-08-08,48.259998,49.790001,48.200001,49.720001,42.838333,7386400
2014-08-11,49.840000,49.950001,49.410000,49.860001,42.958965,4070500
2014-08-12,49.779999,49.950001,49.590000,49.830002,42.933109,3287300
2014-08-13,49.910000,50.299999,49.619999,49.849998,42.950352,4397800
2014-08-14,49.959999,50.410000,49.750000,50.410000,43.432846,3605200
2014-08-15,50.560001,51.189999,49.570000,50.000000,43.079582,6642200
2014-08-18,50.500000,50.700001,50.340000,50.450001,43.467304,4816800
2014-08-19,51.810001,52.000000,51.279999,51.520000,44.389210,9344800
2014-08-20,49.950001,52.660000,49.700001,52.330002,45.087109,18405900
2014-08-21,52.639999,53.040001,52.490002,52.669998,45.380035,7154100
2014-08-22,52.490002,52.900002,52.130001,52.529999,45.259407,5062200
2014-08-25,52.799999,52.950001,52.500000,52.700001,45.405884,3779300
2014-08-26,52.630001,52.970001,52.560001,52.580002,45.302494,4814000
2014-08-27,52.680000,52.840000,52.459999,52.520000,45.250793,4927900
2014-08-28,52.150002,52.689999,52.029999,52.540001,45.268040,4357500
2014-08-29,52.500000,52.730000,52.259998,52.509998,45.242184,3510600
2014-09-02,52.660000,52.939999,52.029999,52.610001,45.328331,5144200
2014-09-03,52.700001,53.040001,52.360001,52.910000,45.586823,5820100
2014-09-04,53.000000,53.700001,52.950001,53.610001,46.189938,6665100
2014-09-05,53.529999,54.139999,53.099998,54.110001,46.620724,5073300
2014-09-08,53.830002,54.130001,53.459999,53.540001,46.129620,4019800
2014-09-09,53.439999,53.540001,52.910000,53.029999,45.690220,3342000
2014-09-10,53.110001,53.419998,52.889999,53.389999,46.000381,3265100
2014-09-11,53.040001,53.200001,52.669998,53.080002,45.733288,6348500
2014-09-12,53.119999,53.380001,52.669998,52.970001,45.638523,5443500
2014-09-15,52.950001,53.240002,52.709999,53.130001,45.776371,4418200
2014-09-16,53.000000,53.970001,52.910000,53.700001,46.267483,5177600
2014-09-17,53.790001,54.250000,53.669998,53.860001,46.405327,5878700
2014-09-18,53.950001,54.330002,53.799999,54.150002,46.655190,4199900
2014-09-19,54.380001,54.810001,53.820000,54.090000,46.603497,7181400
2014-09-22,53.919998,53.919998,53.299999,53.459999,46.060703,3885200
2014-09-23,53.279999,53.480000,53.060001,53.119999,45.767738,3488500
2014-09-24,53.150002,53.790001,53.090000,53.630001,46.207157,4567100
2014-09-25,53.450001,53.759998,53.020000,53.070000,45.724689,4217000
2014-09-26,53.160000,53.349998,52.889999,53.180000,45.819450,4428700
2014-09-29,52.970001,53.439999,52.759998,53.349998,45.965923,4370900
2014-09-30,53.400002,53.439999,52.570000,52.919998,45.595440,5349800
2014-10-01,52.759998,53.060001,52.450001,52.599998,45.319740,5502900
2014-10-02,52.619999,53.340000,52.580002,53.029999,45.690220,4471800
2014-10-03,53.310001,53.720001,53.209999,53.590000,46.172707,4172500
2014-10-06,53.770000,54.119999,53.380001,53.599998,46.181320,3237100
2014-10-07,53.299999,53.820000,53.160000,53.180000,45.819450,4886100
2014-10-08,53.230000,54.419998,53.139999,54.340000,46.818893,5806900
2014-10-09,54.250000,54.750000,53.830002,53.910000,46.448414,6799500
2014-10-10,53.980000,54.580002,53.680000,53.700001,46.267483,7372000
2014-10-13,53.500000,53.650002,52.360001,52.470001,45.207718,8235900
2014-10-14,52.090000,52.549999,51.200001,52.009998,44.811390,11281900
2014-10-15,51.470001,51.669998,49.849998,51.209999,44.122116,10547500
2014-10-16,50.720001,51.830002,50.290001,51.410000,44.294430,5330200
2014-10-17,51.880001,52.900002,51.830002,52.509998,45.242184,7948100
2014-10-20,52.349998,53.630001,52.349998,53.490002,46.289291,5876200
2014-10-21,53.660000,54.610001,53.459999,54.590000,47.241222,4316700
2014-10-22,54.500000,54.849998,53.930000,53.939999,46.678719,5093300
2014-10-23,54.430000,55.189999,54.380001,54.959999,47.561401,8477000
2014-10-24,54.849998,55.340000,54.580002,55.330002,47.881611,4586200
2014-10-27,55.209999,55.830002,55.209999,55.470001,48.002754,3365400
2014-10-28,55.660000,56.060001,55.619999,56.060001,48.513329,4646400
2014-10-29,56.060001,56.389999,55.520000,55.810001,48.296978,3540200
2014-10-30,56.459999,56.560001,55.910000,56.270000,48.695061,5001900
2014-10-31,57.000000,57.410000,56.919998,57.200001,49.499866,7772500
2014-11-03,57.200001,57.500000,56.930000,57.450001,49.716202,5337200
2014-11-04,57.389999,57.450001,56.869999,57.259998,49.551792,4333100
2014-11-05,57.590000,57.650002,56.759998,56.939999,49.274864,4889600
2014-11-06,57.099998,57.700001,56.970001,57.570000,49.820065,4127800
2014-11-07,57.509998,58.040001,57.500000,57.689999,49.923897,3907300
2014-11-10,57.689999,58.009998,57.529999,57.830002,50.045059,3271900
2014-11-11,57.880001,58.119999,57.730000,58.000000,50.192158,3128800
2014-11-12,58.150002,58.349998,57.980000,58.220001,50.382557,5107500
2014-11-13,58.360001,58.759998,58.290001,58.610001,50.720055,3830700
2014-11-14,58.610001,58.759998,58.459999,58.580002,50.694096,3748700
2014-11-17,58.520000,59.160000,58.480000,58.889999,50.962364,4721900
2014-11-18,58.209999,58.700001,57.959999,58.529999,50.650806,6582100
2014-11-19,61.230000,62.480000,60.840000,62.259998,53.878693,11704900
2014-11-20,62.200001,62.830002,62.009998,62.430000,54.025814,6089300
2014-11-21,62.790001,63.590000,62.480000,63.259998,54.744080,7490800
2014-11-24,63.470001,63.860001,63.230000,63.639999,55.072929,4630000
2014-11-25,63.759998,64.139999,62.939999,62.950001,54.475815,6361400
2014-11-26,63.020000,63.070000,62.330002,62.860001,54.397923,5405700
2014-11-28,63.139999,64.120003,63.119999,63.830002,55.237350,2945300
2014-12-01,63.549999,63.869999,62.910000,63.160000,54.657539,4908200
2014-12-02,63.320000,64.040001,63.220001,63.970001,55.358501,5063800
2014-12-03,63.779999,64.540001,63.689999,64.300003,55.644085,4213500
2014-12-04,64.080002,64.559998,63.880001,64.550003,55.860424,4930400
2014-12-05,64.470001,64.879997,64.400002,64.860001,56.128685,4710600
2014-12-08,64.820000,66.309998,64.779999,66.089996,57.193108,6444600
2014-12-09,65.239998,66.019997,64.919998,65.839996,56.976757,5377100
2014-12-10,65.750000,66.389999,65.080002,65.129997,56.362343,5625500
2014-12-11,65.559998,67.269997,65.440002,65.760002,56.907539,7175100
2014-12-12,65.669998,66.250000,64.830002,64.870003,56.137337,5567100
2014-12-15,65.790001,65.959999,64.449997,65.320000,56.526768,5549000
2014-12-16,64.839996,65.690002,64.070000,64.220001,55.574856,7126800
2014-12-17,64.449997,66.160004,64.449997,65.949997,57.071953,4799800
2014-12-18,66.699997,66.860001,65.889999,66.620003,57.651764,6990400
2014-12-19,66.879997,67.190002,66.059998,66.900002,57.894066,10180300
2014-12-22,67.169998,67.870003,67.010002,67.839996,58.707527,4333800
2014-12-23,68.059998,68.349998,67.690002,67.940002,58.794071,3897800
2014-12-24,67.949997,67.949997,67.389999,67.510002,58.421944,1607400
2014-12-26,67.669998,68.110001,67.489998,67.500000,58.413307,2969500
2014-12-29,67.250000,68.739998,67.169998,68.570000,59.339268,2936600
2014-12-30,68.339996,68.879997,68.160004,68.550003,59.321960,2879400
2014-12-31,68.739998,69.570000,68.699997,68.800003,59.538300,4352000
2015-01-02,69.000000,69.330002,67.339996,67.699997,58.586391,4212000
2015-01-05,67.190002,67.379997,65.889999,66.080002,57.184448,7335600
2015-01-06,66.529999,66.800003,65.360001,66.230003,57.314259,5247400
2015-01-07,66.860001,68.389999,66.839996,68.199997,59.019058,4719600
2015-01-08,68.940002,69.989998,68.830002,69.639999,60.265198,5536700
2015-01-09,69.550003,69.629997,68.269997,68.330002,59.131557,5644000
2015-01-12,68.610001,68.720001,67.639999,67.849998,58.716183,4604800
2015-01-13,68.500000,69.410004,67.349998,67.860001,58.724846,6034500
2015-01-14,67.150002,67.660004,66.860001,67.389999,58.318108,4810800
2015-01-15,67.639999,68.209999,66.220001,66.349998,57.418106,5288300
2015-01-16,66.000000,68.110001,65.900002,67.989998,59.042000,4817200
2015-01-20,68.010002,68.379997,66.250000,66.519997,57.765461,5924700
2015-01-21,67.279999,67.870003,66.750000,67.320000,58.460186,5182000
2015-01-22,67.680000,69.629997,67.400002,69.550003,60.396709,7069200
2015-01-23,69.519997,70.139999,69.129997,69.709999,60.535660,4862600
2015-01-26,69.690002,70.500000,69.419998,70.440002,61.169571,5062700
2015-01-27,69.639999,70.010002,69.269997,69.849998,60.657207,5846600
2015-01-28,70.239998,71.110001,69.150002,69.220001,60.110142,5372700
2015-01-29,69.430000,70.239998,68.849998,69.930000,60.726681,6409400
2015-01-30,69.470001,69.620003,67.669998,67.760002,58.842266,8963700
2015-02-02,67.580002,68.489998,66.169998,68.410004,59.406742,5695300
2015-02-03,69.080002,69.660004,68.349998,69.629997,60.466152,5101400
2015-02-04,69.510002,71.320000,69.430000,70.669998,61.369293,6143700
2015-02-05,70.809998,71.500000,70.730003,71.470001,62.064014,4924500
2015-02-06,71.529999,72.250000,71.269997,71.900002,62.437424,4836300
2015-02-09,71.449997,71.830002,70.769997,70.949997,61.612446,2800400
2015-02-10,71.099998,71.889999,71.040001,71.760002,62.315842,4090000
2015-02-11,71.589996,71.870003,71.120003,71.430000,62.029263,3049600
2015-02-12,71.580002,72.239998,71.440002,72.190002,62.689251,3437000
2015-02-13,72.059998,72.330002,71.839996,72.050003,62.567669,2560100
2015-02-17,71.790001,72.589996,71.500000,72.470001,62.932419,3690600
2015-02-18,72.470001,72.750000,72.120003,72.519997,62.975800,3765300
2015-02-19,72.540001,72.849998,72.089996,72.290001,62.776081,3023000
2015-02-20,72.129997,73.570000,71.750000,73.559998,63.878948,4289900
2015-02-23,73.930000,74.339996,73.269997,73.730003,64.026573,4902900
2015-02-24,75.610001,75.820000,73.930000,74.650002,64.825516,9780200
2015-02-25,75.900002,75.980003,73.250000,74.430000,64.634460,9318100
2015-02-26,74.510002,75.029999,73.559998,74.099998,64.347855,7552300
2015-02-27,73.860001,74.769997,73.650002,74.089996,64.339195,4913700
2015-03-02,73.519997,75.209999,73.519997,75.089996,65.207573,5187200
2015-03-03,74.900002,75.190002,74.220001,75.010002,65.138115,3591100
2015-03-04,74.860001,74.940002,73.910004,74.019997,64.278404,4988500
2015-03-05,74.379997,74.989998,74.379997,74.559998,64.747337,3516500
2015-03-06,73.959999,74.379997,73.330002,73.510002,63.835529,5833200
2015-03-09,73.529999,74.419998,73.419998,74.260002,64.486824,3292100
2015-03-10,73.760002,74.150002,73.059998,73.059998,63.444752,3844600
2015-03-11,73.169998,73.589996,73.050003,73.070000,63.453423,3526700
2015-03-12,73.500000,74.980003,73.500000,74.940002,65.077324,3572700
2015-03-13,74.940002,75.150002,73.739998,74.160004,64.399994,4138200
2015-03-16,74.690002,75.550003,74.690002,75.440002,65.511528,4163300
2015-03-17,74.980003,75.169998,74.559998,74.570000,64.756020,3902800
2015-03-18,74.470001,74.720001,72.629997,74.519997,64.712601,7011500
2015-03-19,74.690002,74.980003,74.160004,74.559998,64.747337,3786200
2015-03-20,74.639999,75.599998,74.250000,75.230003,65.329170,8080500
2015-03-23,75.550003,76.169998,75.139999,75.370003,65.450745,5934600
2015-03-24,75.459999,76.250000,75.230003,75.610001,65.659142,4899900
2015-03-25,75.690002,75.830002,74.199997,74.260002,64.486824,4142900
2015-03-26,73.559998,73.690002,72.480003,72.860001,63.271084,7672900
2015-03-27,72.760002,73.750000,72.760002,73.669998,63.974453,3651700
2015-03-30,73.849998,74.989998,73.820000,74.800003,64.955765,3959700
2015-03-31,74.510002,75.370003,74.269997,74.389999,64.599724,4518300
2015-04-01,74.320000,74.849998,73.699997,74.389999,64.599724,5902500
2015-04-02,74.250000,75.070000,74.169998,74.839996,64.990448,3379000
2015-04-06,74.230003,75.639999,74.209999,75.059998,65.181534,4714000
2015-04-07,75.000000,75.500000,74.050003,74.110001,64.356560,3124800
2015-04-08,74.190002,74.949997,74.099998,74.809998,64.964432,3439200
2015-04-09,74.610001,75.160004,73.290001,74.250000,64.478127,4473100
2015-04-10,74.500000,74.940002,74.050003,74.900002,65.042587,3140400
2015-04-13,75.000000,75.239998,73.769997,73.809998,64.096031,3448900
2015-04-14,73.790001,74.309998,73.010002,73.980003,64.243660,3679500
2015-04-15,74.059998,74.629997,73.379997,73.410004,63.748669,3088300
2015-04-16,73.769997,74.739998,73.639999,74.080002,64.330513,3846100
2015-04-17,73.599998,73.889999,72.470001,72.550003,63.001865,5547400
2015-04-20,72.889999,73.129997,72.550003,72.629997,63.271957,3610900
2015-04-21,72.860001,73.510002,72.809998,73.239998,63.803333,4046400
2015-04-22,73.190002,73.370003,72.559998,73.070000,63.655239,3152500
2015-04-23,72.949997,73.900002,72.919998,73.370003,63.916592,4170800
2015-04-24,73.419998,73.620003,72.989998,73.160004,63.733650,2401000
2015-04-27,73.570000,73.570000,71.790001,71.839996,62.583721,5629100
2015-04-28,71.599998,72.279999,71.050003,71.739998,62.496613,4181000
2015-04-29,71.529999,71.580002,69.910004,70.440002,61.364105,4526700
2015-04-30,70.370003,70.889999,68.599998,68.860001,59.987686,10950700
2015-05-01,67.669998,70.769997,67.599998,70.699997,61.590611,9932000
2015-05-04,70.889999,71.410004,70.570000,71.250000,62.069748,4888600
2015-05-05,71.160004,71.410004,70.370003,70.430000,61.355400,4017500
2015-05-06,70.430000,70.870003,69.940002,70.769997,61.651585,4356300
2015-05-07,70.879997,72.680000,70.870003,72.290001,62.975731,5523400
2015-05-08,73.050003,73.930000,72.989998,73.260002,63.820763,4171200
2015-05-11,73.029999,73.930000,72.959999,73.220001,63.785915,3940400
2015-05-12,73.349998,73.930000,72.940002,73.669998,64.177925,3850000
2015-05-13,73.879997,73.879997,73.000000,73.110001,63.690086,3292400
2015-05-14,73.239998,73.440002,72.019997,72.260002,62.949612,5763000
2015-05-15,72.440002,73.110001,72.040001,73.089996,63.672665,4784800
2015-05-18,73.220001,73.279999,72.620003,73.059998,63.646526,4982900
2015-05-19,73.680000,73.750000,71.800003,71.830002,62.575008,8728300
2015-05-20,68.660004,69.650002,68.110001,68.500000,59.674076,16012500
2015-05-21,68.500000,69.879997,68.250000,68.720001,59.865726,8765500
2015-05-22,68.860001,69.839996,68.620003,69.540001,60.580067,4862500
2015-05-26,69.519997,69.959999,69.190002,69.580002,60.614914,6815900
2015-05-27,69.940002,71.169998,69.839996,70.720001,61.608044,5265300
2015-05-28,70.489998,70.879997,70.330002,70.449997,61.372810,2814500
2015-05-29,70.220001,70.730003,69.779999,69.980003,60.963379,4131300
2015-06-01,69.959999,70.389999,69.699997,70.139999,61.102757,4165400
2015-06-02,69.860001,70.690002,69.769997,70.150002,61.111469,4807600
2015-06-03,70.190002,71.080002,70.150002,70.650002,61.547039,3433100
2015-06-04,70.040001,70.779999,69.800003,70.139999,61.102757,4554600
2015-06-05,70.050003,70.250000,69.720001,69.790001,60.797855,4291500
2015-06-08,69.699997,69.940002,68.680000,68.680000,59.830872,4433000
2015-06-09,68.790001,69.029999,67.769997,68.529999,59.700199,5228600
2015-06-10,68.739998,69.279999,68.349998,69.169998,60.257721,4768600
2015-06-11,69.330002,70.150002,68.930000,69.040001,60.144485,3605600
2015-06-12,68.750000,69.639999,68.730003,69.029999,60.135777,4350900
2015-06-15,68.860001,69.190002,68.480003,69.110001,60.205482,4989000
2015-06-16,68.870003,69.599998,68.830002,69.400002,60.458088,3426000
2015-06-17,69.400002,69.959999,69.129997,69.669998,60.693306,3380600
2015-06-18,69.760002,70.699997,69.760002,70.150002,61.111469,4462400
2015-06-19,69.930000,70.489998,69.709999,69.989998,60.972095,11947400
2015-06-22,70.489998,70.739998,70.059998,70.290001,61.233437,4052800
2015-06-23,70.930000,70.970001,70.300003,70.599998,61.503479,3634300
2015-06-24,70.550003,70.989998,70.059998,70.080002,61.050503,3543900
2015-06-25,70.449997,70.849998,69.629997,69.660004,60.684608,3398400
2015-06-26,69.500000,69.730003,68.480003,68.610001,59.769905,9297500
2015-06-29,68.300003,69.089996,67.500000,67.529999,58.829048,5311200
2015-06-30,68.190002,68.199997,66.690002,66.970001,58.341198,10150900
2015-07-01,67.449997,67.790001,66.959999,67.239998,58.576416,5782900
2015-07-02,67.449997,67.769997,66.410004,66.699997,58.105991,6064900
2015-07-06,66.330002,66.800003,65.980003,66.250000,57.713985,10279900
2015-07-07,66.459999,67.430000,65.830002,67.370003,58.689655,8437900
2015-07-08,66.589996,67.410004,66.480003,66.529999,57.957897,4941600
2015-07-09,67.300003,67.519997,66.849998,67.019997,58.384754,3767900
2015-07-10,67.459999,68.269997,67.220001,67.849998,59.107811,4157900
2015-07-13,68.400002,68.660004,68.050003,68.300003,59.499832,4158300
2015-07-14,68.000000,68.400002,67.570000,68.389999,59.578228,4981900
2015-07-15,68.160004,68.669998,67.930000,68.269997,59.473709,3532800
2015-07-16,67.949997,68.529999,67.339996,68.230003,59.438862,5654600
2015-07-17,67.930000,68.099998,67.050003,67.529999,58.829048,6601200
2015-07-20,66.500000,67.099998,66.000000,66.699997,58.347916,5332000
2015-07-21,66.580002,66.919998,66.169998,66.389999,58.076740,5375100
2015-07-22,66.599998,67.510002,66.599998,67.440002,58.995251,4921000
2015-07-23,67.620003,68.160004,67.220001,67.699997,59.222702,4169300
2015-07-24,67.889999,67.930000,67.080002,67.180000,58.767799,3629000
2015-07-27,67.040001,67.419998,66.720001,67.040001,58.645340,3422500
2015-07-28,67.250000,68.000000,66.660004,67.800003,59.310169,4398000
2015-07-29,67.959999,68.870003,67.779999,68.739998,60.132446,5205900
2015-07-30,68.379997,69.000000,68.019997,68.860001,60.237450,3566900
2015-07-31,69.239998,69.800003,68.820000,69.360001,60.674831,4316400
2015-08-03,69.169998,69.349998,68.320000,68.910004,60.281189,5576800
2015-08-04,69.110001,69.839996,68.779999,69.360001,60.674831,3132500
2015-08-05,69.919998,70.209999,69.519997,69.940002,61.182194,3914900
2015-08-06,69.940002,70.099998,69.099998,69.309998,60.631088,4840900
2015-08-07,69.300003,69.629997,68.959999,69.529999,60.823544,3310300
2015-08-10,69.980003,70.180000,69.419998,69.570000,60.858524,5759400
2015-08-11,68.889999,69.639999,68.870003,69.419998,60.727322,5486000
2015-08-12,68.949997,69.050003,68.070000,68.970001,60.333656,5001700
2015-08-13,69.150002,71.919998,69.010002,71.209999,62.293171,8551500
2015-08-14,71.290001,72.279999,71.139999,72.110001,63.080471,5864600
2015-08-17,71.870003,72.580002,71.400002,72.480003,63.404140,5238500
2015-08-18,73.169998,73.500000,72.709999,73.019997,63.876534,10796100
2015-08-19,72.570000,74.529999,72.250000,74.370003,65.057487,11734100
2015-08-20,73.959999,74.779999,73.180000,73.180000,64.016495,7023200
2015-08-21,72.540001,73.080002,71.010002,71.110001,62.205696,8210600
2015-08-24,67.610001,70.070000,64.220001,68.309998,59.756298,10961200
2015-08-25,70.019997,70.190002,66.900002,66.989998,58.601601,7464100
2015-08-26,68.699997,69.330002,66.330002,68.750000,60.141216,6497100
2015-08-27,69.260002,69.650002,67.750000,69.059998,60.412384,6607900
2015-08-28,69.040001,69.339996,68.099998,68.449997,59.878777,6282600
2015-08-31,68.500000,69.459999,68.239998,69.169998,60.508602,6775100
2015-09-01,67.879997,68.470001,67.389999,67.750000,59.266434,7114300
2015-09-02,68.699997,69.059998,68.080002,69.040001,60.394905,4452600
2015-09-03,69.209999,69.940002,68.889999,69.099998,60.447384,3419500
2015-09-04,68.300003,68.500000,67.279999,67.800003,59.310169,3235700
2015-09-08,68.510002,69.349998,68.150002,69.309998,60.631088,4103000
2015-09-09,69.849998,69.900002,67.940002,68.110001,59.581356,4096800
2015-09-10,67.870003,68.629997,67.599998,67.930000,59.423893,4538100
2015-09-11,67.779999,68.669998,67.580002,68.629997,60.036255,3415200
2015-09-14,68.599998,69.000000,67.980003,68.150002,59.616352,2645100
2015-09-15,68.580002,69.860001,68.010002,69.440002,60.744816,5798900
2015-09-16,69.430000,70.260002,69.190002,70.070000,61.295925,3765500
2015-09-17,70.250000,71.589996,69.870003,70.480003,61.654583,4367400
2015-09-18,69.930000,70.000000,68.000000,68.190002,59.651340,8800900
2015-09-21,68.389999,70.029999,68.320000,69.599998,60.884792,5276100
2015-09-22,68.930000,69.239998,68.029999,68.669998,60.071247,3926200
2015-09-23,68.570000,68.919998,68.330002,68.730003,60.123737,2391100
2015-09-24,68.300003,68.669998,67.480003,68.480003,59.905037,4180000
2015-09-25,69.139999,69.529999,68.349998,68.690002,60.088722,3628600
2015-09-28,68.440002,68.989998,67.050003,67.150002,58.741562,5607500
2015-09-29,67.150002,67.989998,66.220001,66.769997,58.409149,4355300
2015-09-30,67.709999,69.010002,67.709999,68.919998,60.289925,4936000
2015-10-01,69.040001,69.849998,68.330002,69.790001,61.050987,5185200
2015-10-02,68.820000,70.260002,68.160004,70.230003,61.435894,4389900
2015-10-05,70.849998,71.849998,70.650002,71.769997,62.783066,4492000
2015-10-06,71.489998,71.790001,70.750000,71.190002,62.275661,5256800
2015-10-07,71.610001,71.930000,71.089996,71.790001,62.800560,4679400
2015-10-08,70.860001,73.269997,70.750000,73.169998,64.007759,3966000
2015-10-09,73.050003,73.449997,72.599998,73.330002,64.147720,3403500
2015-10-12,73.190002,73.980003,73.110001,73.809998,64.567596,2789400
2015-10-13,73.669998,73.959999,72.800003,72.970001,63.832794,4102000
2015-10-14,72.900002,73.220001,71.559998,72.040001,63.019238,3758200
2015-10-15,72.470001,72.790001,71.699997,72.650002,63.552845,3016300
2015-10-16,73.120003,73.400002,72.570000,72.779999,63.666573,4149500
2015-10-19,72.370003,73.449997,72.269997,73.430000,64.483292,3765600
2015-10-20,73.370003,73.410004,72.540001,72.839996,63.965168,3632100
2015-10-21,73.230003,73.419998,72.529999,72.720001,63.859787,2982700
2015-10-22,72.739998,73.639999,72.160004,73.419998,64.474487,3810200
2015-10-23,73.779999,73.930000,72.559998,73.550003,64.588669,3344500
2015-10-26,73.620003,74.419998,73.000000,74.160004,65.124329,4114400
2015-10-27,74.000000,74.209999,73.160004,73.550003,64.588669,3387800
2015-10-28,73.750000,74.190002,72.800003,74.019997,65.001366,3770000
2015-10-29,74.000000,74.110001,73.010002,73.870003,64.869682,2942000
2015-10-30,73.839996,74.570000,73.779999,73.830002,64.834541,4418900
2015-11-02,73.900002,74.290001,73.050003,73.769997,64.781837,3880200
2015-11-03,73.779999,74.110001,73.300003,73.949997,64.939919,3174200
2015-11-04,74.169998,74.199997,73.019997,73.099998,64.193474,5475900
2015-11-05,73.360001,74.070000,73.010002,73.580002,64.614990,3334400
2015-11-06,73.190002,73.580002,72.650002,73.139999,64.228607,4223300
2015-11-09,72.989998,73.120003,71.470001,72.019997,63.245079,5622000
2015-11-10,71.989998,73.379997,71.949997,73.339996,64.404228,3789300
2015-11-11,73.250000,73.250000,72.110001,72.120003,63.332886,3213700
2015-11-12,71.919998,73.750000,71.800003,72.709999,63.850994,5641300
2015-11-13,72.120003,72.370003,69.930000,70.089996,61.550209,6960900
2015-11-16,69.860001,71.709999,69.750000,71.639999,62.911366,5583600
2015-11-17,74.150002,74.370003,72.599998,72.849998,63.973938,10214000
2015-11-18,74.279999,74.580002,71.599998,73.480003,64.527168,9541400
2015-11-19,73.480003,74.110001,73.139999,73.389999,64.448151,7321800
2015-11-20,73.900002,76.019997,73.830002,75.769997,66.538155,6589700
2015-11-23,75.779999,77.260002,75.779999,76.669998,67.328499,5280900
2015-11-24,76.440002,77.940002,76.290001,77.389999,67.960815,5431700
2015-11-25,77.400002,78.129997,76.809998,77.610001,68.153999,5265000
2015-11-27,77.900002,78.000000,77.150002,77.339996,67.916870,2255300
2015-11-30,77.389999,77.470001,76.430000,76.599998,67.267044,6815000
2015-12-01,76.910004,77.379997,76.459999,77.129997,67.732452,3477300
2015-12-02,76.879997,77.320000,76.239998,76.300003,67.003601,7085400
2015-12-03,76.190002,76.519997,74.879997,75.120003,65.967354,5191700
2015-12-04,75.330002,76.870003,75.089996,76.760002,67.407547,4374800
2015-12-07,76.459999,76.720001,75.730003,76.449997,67.135292,3277900
2015-12-08,76.320000,77.489998,75.930000,77.169998,67.767593,4019600
2015-12-09,76.900002,77.629997,75.870003,76.120003,66.845528,3039400
2015-12-10,75.970001,76.750000,75.919998,76.169998,66.889442,2942700
2015-12-11,75.360001,76.129997,74.769997,75.010002,65.870758,3686500
2015-12-14,75.260002,75.959999,74.769997,75.650002,66.432785,4430900
2015-12-15,76.129997,76.760002,74.849998,74.900002,65.774147,4646300
2015-12-16,75.040001,76.339996,73.889999,76.129997,66.854301,5063200
2015-12-17,76.220001,76.599998,74.660004,74.900002,65.774147,4419200
2015-12-18,74.760002,74.769997,73.870003,73.889999,64.887199,6948400
2015-12-21,74.500000,75.099998,74.040001,74.889999,65.765373,3418500
2015-12-22,74.910004,75.449997,74.320000,75.160004,66.002502,3428300
2015-12-23,76.110001,76.430000,75.440002,76.160004,66.880630,3258200
2015-12-24,75.830002,76.639999,75.750000,76.279999,66.986031,1758900
2015-12-28,75.989998,76.559998,75.860001,76.440002,67.126549,2860300
2015-12-29,76.930000,77.669998,76.830002,77.129997,67.732452,2661100
2015-12-30,76.980003,77.529999,76.790001,76.860001,67.495354,2209200
2015-12-31,76.459999,76.930000,76.019997,76.040001,66.775261,2388200
2016-01-04,74.690002,75.570000,74.500000,75.279999,66.107864,6534600
2016-01-05,75.440002,76.470001,74.910004,75.440002,66.248360,5198800
2016-01-06,74.510002,74.750000,73.400002,73.940002,64.931137,5326500
2016-01-07,72.839996,73.879997,71.750000,72.070000,63.288986,6401600
2016-01-08,72.669998,72.800003,70.680000,70.879997,62.243973,5325500
2016-01-11,71.449997,73.089996,71.290001,72.680000,63.824661,5443300
2016-01-12,73.279999,74.279999,72.370003,73.269997,64.342766,4649500
2016-01-13,73.639999,73.730003,69.540001,69.900002,61.383381,7755300
2016-01-14,69.849998,70.610001,67.650002,69.910004,61.392147,8323000
2016-01-15,67.750000,70.360001,67.739998,68.989998,60.827843,7995100
2016-01-19,70.809998,71.040001,68.790001,69.459999,61.242260,6642800
2016-01-20,68.870003,69.519997,66.930000,68.070000,60.016689,9844100
2016-01-21,68.570000,69.940002,68.250000,69.320000,61.118813,7615500
2016-01-22,70.360001,70.900002,70.190002,70.500000,62.159218,5722200
2016-01-25,70.660004,71.000000,69.839996,69.900002,61.630219,5640100
2016-01-26,70.669998,70.690002,69.599998,70.000000,61.718388,4638400
2016-01-27,70.019997,70.949997,69.019997,69.550003,61.321598,5342100
2016-01-28,69.889999,70.000000,68.919998,69.230003,61.039474,5036200
2016-01-29,70.000000,71.769997,69.550003,71.660004,63.181999,6143600
2016-02-01,70.540001,72.889999,70.540001,72.660004,64.063675,5385000
2016-02-02,72.300003,72.629997,71.309998,71.870003,63.367138,5250800
2016-02-03,71.379997,71.379997,65.059998,67.419998,59.443611,17607500
2016-02-04,67.839996,68.320000,66.300003,67.959999,59.919724,8986900
2016-02-05,68.080002,68.519997,65.519997,65.839996,58.050533,7501800
2016-02-08,65.379997,65.389999,62.619999,63.549999,56.031464,8311000
2016-02-09,63.070000,64.860001,62.900002,64.150002,56.560482,6025600
2016-02-10,64.449997,65.400002,64.000000,64.059998,56.481125,4219000
2016-02-11,63.080002,63.970001,62.680000,63.400002,55.899227,4746300
2016-02-12,63.400002,64.930000,63.400002,64.870003,57.195297,4260000
2016-02-16,66.900002,67.690002,65.550003,67.430000,59.452435,7764900
2016-02-17,68.000000,68.279999,67.559998,68.000000,59.954987,6145300
2016-02-18,68.279999,68.330002,66.940002,67.720001,59.708118,5887600
2016-02-19,67.779999,68.570000,66.839996,68.519997,60.413464,4967900
2016-02-22,68.519997,69.870003,68.519997,69.470001,61.251102,6246600
2016-02-23,71.459999,71.480003,67.839996,67.900002,59.866817,10980400
2016-02-24,66.089996,69.250000,64.849998,68.620003,60.501629,12532500
2016-02-25,68.620003,69.629997,67.900002,68.699997,60.572170,5839600
2016-02-26,69.400002,69.849998,68.830002,69.099998,60.924858,5287900
2016-02-29,68.839996,69.750000,67.470001,67.529999,59.540596,6373100
2016-03-01,68.180000,69.129997,66.919998,69.040001,60.871952,5590400
2016-03-02,68.849998,69.529999,68.470001,69.089996,60.916039,4286200
2016-03-03,68.589996,69.970001,68.500000,69.930000,61.656643,4530900
2016-03-04,69.690002,70.980003,69.480003,70.389999,62.062252,5022600
2016-03-07,69.849998,71.199997,69.830002,70.769997,62.397274,4779000
2016-03-08,70.320000,71.879997,70.150002,70.989998,62.591228,5702400
2016-03-09,71.089996,71.660004,70.500000,70.849998,62.467819,3358300
2016-03-10,71.250000,71.730003,69.839996,70.699997,62.335556,3961700
2016-03-11,71.360001,72.250000,71.220001,72.120003,63.587570,3912300
2016-03-14,72.000000,73.099998,71.959999,72.750000,64.143051,4127400
2016-03-15,72.300003,74.320000,72.220001,73.099998,64.451607,5604600
2016-03-16,72.680000,74.239998,72.559998,73.779999,65.051147,5099500
2016-03-17,73.519997,74.230003,73.180000,74.019997,65.262749,4150000
2016-03-18,74.080002,75.160004,73.970001,74.930000,66.065102,6499900
2016-03-21,74.650002,75.360001,74.300003,75.220001,66.320816,5383400
2016-03-22,74.730003,75.599998,74.730003,75.250000,66.347252,5431300
2016-03-23,75.260002,75.519997,74.639999,74.779999,65.932854,3778000
2016-03-24,74.349998,74.879997,73.830002,74.769997,65.924026,3677400
2016-03-28,74.870003,75.290001,74.690002,74.989998,66.118027,2925900
2016-03-29,75.040001,75.970001,74.790001,75.669998,66.717552,4421400
2016-03-30,75.889999,76.269997,75.680000,76.019997,67.026131,3170200
2016-03-31,76.000000,76.379997,75.610001,75.750000,66.788109,3681600
2016-04-01,75.629997,76.750000,75.339996,76.500000,67.449394,3548300
2016-04-04,77.500000,77.500000,76.050003,76.180000,67.167213,3847300
2016-04-05,75.650002,76.529999,75.550003,75.870003,66.893890,4080500
2016-04-06,75.830002,76.400002,75.489998,76.089996,67.087891,4577800
2016-04-07,75.870003,76.000000,74.889999,75.349998,66.435440,4450700
2016-04-08,75.620003,75.790001,74.669998,75.029999,66.153267,3758700
2016-04-11,75.089996,76.080002,75.010002,75.150002,66.259079,3852100
2016-04-12,75.379997,76.010002,75.199997,75.730003,66.770477,3864100
2016-04-13,76.110001,76.800003,75.629997,76.660004,67.590446,4192900
2016-04-14,76.510002,76.910004,75.940002,76.500000,67.449394,3670500
2016-04-15,76.589996,77.459999,76.339996,77.309998,68.163544,4967200
2016-04-18,77.120003,77.629997,76.889999,77.360001,68.455536,3613400
2016-04-19,77.339996,77.629997,75.930000,76.410004,67.614914,4822000
2016-04-20,76.610001,76.809998,76.019997,76.339996,67.552979,4043900
2016-04-21,76.970001,76.970001,75.750000,75.830002,67.101639,4000600
2016-04-22,75.860001,76.309998,75.300003,76.050003,67.296310,2754800
2016-04-25,75.669998,76.190002,75.400002,76.190002,67.420227,3258300
2016-04-26,76.339996,76.699997,75.650002,76.320000,67.535240,3480500
2016-04-27,76.489998,77.230003,76.169998,76.940002,68.083878,3245800
2016-04-28,76.290001,76.629997,75.220001,75.389999,66.712311,3188900
2016-04-29,75.459999,76.129997,74.860001,76.019997,67.269753,6631900
2016-05-02,75.330002,76.730003,75.019997,76.139999,67.375984,4256400
2016-05-03,75.879997,76.089996,75.139999,75.709999,66.995476,3020500
2016-05-04,75.129997,76.089996,74.849998,75.830002,67.101639,2764700
2016-05-05,75.800003,75.919998,75.019997,75.139999,66.491081,4079100
2016-05-06,75.110001,75.620003,74.559998,75.540001,66.845047,3420800
2016-05-09,75.800003,76.339996,75.519997,75.839996,67.110497,3153800
2016-05-10,76.120003,77.199997,75.930000,76.989998,68.128136,4664900
2016-05-11,76.529999,76.720001,75.000000,75.129997,66.482224,4770200
2016-05-12,75.320000,75.820000,75.010002,75.400002,66.721153,3898100
2016-05-13,75.080002,76.300003,74.989998,75.010002,66.376053,5646900
2016-05-16,75.019997,77.360001,75.010002,77.000000,68.136986,6820800
2016-05-17,76.360001,76.660004,75.559998,76.070000,67.314041,9063100
2016-05-18,77.500000,79.489998,77.360001,78.599998,69.552818,13724600
2016-05-19,78.610001,80.000000,78.230003,79.860001,70.667786,7037500
2016-05-20,80.129997,80.330002,79.510002,79.820000,70.632401,4900600
2016-05-23,79.599998,79.959999,78.790001,78.870003,69.791763,5122000
2016-05-24,79.070000,79.949997,78.930000,79.599998,70.437706,5556000
2016-05-25,79.660004,80.610001,79.650002,79.940002,70.738594,4137500
2016-05-26,79.940002,80.410004,79.699997,80.160004,70.933273,3805100
2016-05-27,80.160004,80.690002,79.970001,80.349998,71.101387,2683500
2016-05-31,80.349998,80.480003,79.760002,80.129997,70.906700,5581100
2016-06-01,80.129997,80.559998,79.489998,80.269997,71.030586,4205800
2016-06-02,80.419998,80.760002,79.820000,80.760002,71.464195,4693900
2016-06-03,80.470001,80.559998,79.559998,80.010002,70.800522,3685300
2016-06-06,79.150002,79.260002,77.959999,78.449997,69.420074,6643100
2016-06-07,78.769997,80.139999,78.639999,79.540001,70.384628,5259700
2016-06-08,79.330002,79.489998,78.500000,78.879997,69.800598,4251100
2016-06-09,78.750000,79.059998,78.419998,78.669998,69.614754,3367000
2016-06-10,78.400002,78.510002,77.940002,78.309998,69.296204,3883400
2016-06-13,78.290001,78.449997,77.419998,77.500000,68.579460,4697600
2016-06-14,77.220001,77.300003,75.610001,76.080002,67.322899,8076700
2016-06-15,76.480003,77.980003,76.430000,77.040001,68.172379,6237000
2016-06-16,76.860001,78.360001,76.650002,78.169998,69.172302,5775100
2016-06-17,77.870003,78.730003,77.779999,78.419998,69.393532,7968600
2016-06-20,78.940002,79.510002,78.510002,78.589996,69.543983,4146600
2016-06-21,78.650002,78.830002,78.080002,78.330002,69.313919,3765000
2016-06-22,78.589996,79.239998,78.220001,78.349998,69.331589,3572400
2016-06-23,78.959999,79.120003,77.959999,78.570000,69.526268,3701900
2016-06-24,76.519997,78.050003,76.400002,77.059998,68.190071,5995300
2016-06-27,76.349998,76.660004,75.349998,76.320000,67.535240,5755800
2016-06-28,76.989998,78.070000,76.519997,78.029999,69.048447,4652000
2016-06-29,78.250000,78.699997,77.489998,77.760002,68.809517,5958800
2016-06-30,77.760002,79.800003,77.519997,79.169998,70.057220,7606600
2016-07-01,79.339996,80.230003,79.209999,79.599998,70.437706,4136600
2016-07-05,79.480003,79.599998,78.820000,79.419998,70.278427,4100800
2016-07-06,79.400002,80.110001,79.339996,80.089996,70.871307,4372800
2016-07-07,79.910004,80.570000,79.870003,80.480003,71.216461,3838100
2016-07-08,81.040001,82.419998,80.980003,82.339996,72.862320,5307200
2016-07-11,82.680000,83.260002,82.680000,82.800003,73.269394,3479400
2016-07-12,83.110001,83.650002,82.620003,82.940002,73.393272,5347200
2016-07-13,82.900002,82.900002,81.290001,81.650002,72.251770,5405700
2016-07-14,82.209999,82.489998,81.699997,82.129997,72.676514,3332100
2016-07-15,82.239998,82.750000,81.540001,81.669998,72.269440,5409100
2016-07-18,81.889999,82.510002,81.570000,81.919998,72.802673,3728000
2016-07-19,81.750000,82.050003,81.169998,81.419998,72.358330,5296100
2016-07-20,81.830002,81.849998,80.739998,81.209999,72.171684,6853500
2016-07-21,80.589996,80.839996,79.669998,80.150002,71.229675,6020600
2016-07-22,80.459999,80.769997,80.209999,80.650002,71.674011,3384900
2016-07-25,80.860001,81.180000,80.430000,80.989998,71.976166,2865500
2016-07-26,80.790001,81.620003,80.750000,81.059998,72.038391,2889200
2016-07-27,81.379997,81.949997,80.500000,80.760002,71.771782,2946600
2016-07-28,80.760002,82.410004,80.690002,82.269997,73.113701,4343500
2016-07-29,81.970001,82.540001,81.879997,82.279999,73.122604,3471400
2016-08-01,81.910004,82.540001,81.709999,82.309998,73.149261,2912800
2016-08-02,82.559998,82.620003,81.300003,81.970001,72.847107,3768200
2016-08-03,81.900002,82.019997,81.029999,82.019997,72.891533,3398600
2016-08-04,81.180000,82.089996,80.519997,80.940002,71.931755,4027700
2016-08-05,81.430000,82.160004,81.430000,81.720001,72.624947,3706000
2016-08-08,81.720001,81.879997,81.300003,81.620003,72.536057,2410800
2016-08-09,81.339996,82.000000,81.129997,81.339996,72.287239,3172300
2016-08-10,81.629997,81.839996,80.559998,80.980003,71.967300,3785200
2016-08-11,81.570000,82.089996,80.790001,81.610001,72.527184,4117700
2016-08-12,81.000000,82.129997,81.000000,81.720001,72.624947,4095000
2016-08-15,82.089996,82.680000,81.309998,81.540001,72.464966,5315400
2016-08-16,81.599998,82.320000,80.809998,81.480003,72.411667,6050200
2016-08-17,77.669998,78.050003,75.809998,76.879997,68.323608,19108700
2016-08-18,76.879997,77.000000,76.349998,76.430000,67.923676,7807000
2016-08-19,76.320000,77.870003,76.169998,77.820000,69.158989,6491200
2016-08-22,78.000000,78.580002,77.199997,77.290001,68.687973,4502700
2016-08-23,77.839996,78.000000,77.260002,77.300003,68.696838,3252600
2016-08-24,78.040001,78.139999,76.790001,76.959999,68.394699,5404300
2016-08-25,76.680000,77.709999,76.680000,77.470001,68.847946,4935500
2016-08-26,77.430000,77.989998,76.639999,76.900002,68.341385,3827400
2016-08-29,76.910004,77.349998,76.750000,77.180000,68.590225,4544200
2016-08-30,77.139999,77.410004,76.430000,76.559998,68.039223,3026100
2016-08-31,76.589996,76.720001,76.269997,76.559998,68.039223,4638600
2016-09-01,76.690002,76.839996,75.879997,76.440002,67.932587,3852200
2016-09-02,76.750000,77.080002,76.550003,76.959999,68.394699,3314900
2016-09-06,76.889999,77.000000,75.559998,76.010002,67.550430,4779700
2016-09-07,75.970001,76.000000,75.010002,75.440002,67.043846,5481100
2016-09-08,74.570000,75.059998,73.919998,74.129997,65.879662,7495400
2016-09-09,73.540001,73.769997,71.769997,71.769997,63.782318,7632800
2016-09-12,71.199997,72.660004,70.860001,72.500000,64.431061,6165800
2016-09-13,71.930000,72.099998,70.879997,71.080002,63.169121,5405700
2016-09-14,71.050003,71.589996,70.889999,71.120003,63.204659,5596400
2016-09-15,70.830002,71.529999,70.410004,71.309998,63.373505,3942800
2016-09-16,71.019997,71.180000,70.430000,70.949997,63.053581,6527100
2016-09-19,70.949997,71.650002,70.900002,71.309998,63.373505,5222600
2016-09-20,71.699997,72.089996,71.300003,71.370003,63.426838,4488100
2016-09-21,71.360001,72.120003,71.110001,72.050003,64.031174,4511800
2016-09-22,72.250000,72.589996,71.760002,72.080002,64.057838,4210800
2016-09-23,72.190002,72.980003,71.730003,72.349998,64.297783,6053000
2016-09-26,71.919998,72.080002,70.760002,70.809998,62.929161,7550300
2016-09-27,71.010002,71.699997,70.730003,71.500000,63.542400,4821900
2016-09-28,71.879997,72.419998,71.260002,71.760002,63.773457,8176200
2016-09-29,72.470001,73.580002,72.010002,72.010002,63.995621,6404500
2016-09-30,72.059998,72.480003,71.379997,72.209999,64.173332,6714200
2016-10-03,72.059998,72.440002,71.949997,72.190002,64.155571,5366800
2016-10-04,72.239998,73.050003,72.180000,72.699997,64.608818,6389100
2016-10-05,72.660004,73.220001,72.209999,72.250000,64.208900,4503700
2016-10-06,70.489998,72.269997,70.290001,72.089996,64.066704,6920000
2016-10-07,72.000000,72.870003,71.089996,71.300003,63.364632,5418500
2016-10-10,71.750000,71.849998,70.900002,70.970001,63.071339,4335100
2016-10-11,70.900002,70.980003,69.970001,70.089996,62.289288,4919400
2016-10-12,70.269997,71.779999,70.250000,71.320000,63.382420,5764100
2016-10-13,71.070000,71.360001,70.330002,71.099998,63.186890,4403500
2016-10-14,71.570000,71.930000,71.239998,71.349998,63.409046,5659900
2016-10-17,70.650002,71.080002,69.940002,69.980003,62.498119,4986800
2016-10-18,70.529999,70.660004,69.570000,70.239998,62.730328,5955100
2016-10-19,70.220001,70.239998,68.889999,69.589996,62.149792,6770200
2016-10-20,69.529999,70.120003,69.370003,69.889999,62.417740,6163800
2016-10-21,69.459999,70.919998,69.389999,70.650002,63.096508,5725000
2016-10-24,71.059998,71.550003,70.800003,70.980003,63.391216,4524700
2016-10-25,69.410004,69.589996,68.309998,68.470001,61.149563,8714200
2016-10-26,67.190002,68.019997,67.000000,67.370003,60.167171,9071900
2016-10-27,67.750000,68.000000,66.959999,67.160004,59.979618,5300400
2016-10-28,67.160004,67.669998,66.709999,67.029999,59.863518,8565100
2016-10-31,66.709999,66.980003,66.379997,66.650002,59.524132,6272400
2016-11-01,66.440002,66.690002,65.180000,65.629997,58.613194,6392300
2016-11-02,65.720001,67.269997,65.660004,66.559998,59.443768,5432300
2016-11-03,67.059998,67.080002,66.419998,66.589996,59.470547,4572300
2016-11-04,66.739998,67.120003,66.220001,66.250000,59.166924,4748900
2016-11-07,67.110001,67.669998,67.010002,67.230003,60.042160,4539700
2016-11-08,67.120003,67.250000,66.639999,66.809998,59.667046,6790100
2016-11-09,65.500000,68.160004,64.870003,67.839996,60.586922,7621100
2016-11-10,68.400002,70.480003,68.250000,69.459999,62.033722,9759600
2016-11-11,69.320000,70.059998,69.160004,69.730003,62.274853,6572300
2016-11-14,70.040001,70.449997,69.690002,70.010002,62.524910,9023400
2016-11-15,68.839996,69.849998,68.040001,69.050003,61.667561,11251900
2016-11-16,66.230003,68.839996,65.120003,67.019997,59.854584,17592100
2016-11-17,67.019997,68.040001,66.550003,67.949997,60.685154,9521500
2016-11-18,67.919998,69.580002,67.769997,69.309998,61.899761,10624600
2016-11-21,69.419998,69.699997,68.830002,69.410004,61.989059,6062400
2016-11-22,70.190002,71.970001,69.699997,71.589996,63.935997,10677700
2016-11-23,71.830002,72.370003,71.620003,71.769997,64.096756,5490800
2016-11-25,71.900002,72.339996,71.599998,72.209999,64.489700,2710600
2016-11-28,71.839996,72.180000,71.150002,71.199997,63.587677,5315900
2016-11-29,71.339996,71.690002,70.550003,70.709999,63.150063,5870400
2016-11-30,70.750000,71.110001,70.440002,70.550003,63.007175,6377300
2016-12-01,70.339996,71.019997,69.919998,71.000000,63.409054,7626900
2016-12-02,71.139999,72.809998,71.080002,72.309998,64.579018,7248600
2016-12-05,72.419998,73.139999,72.389999,72.660004,64.891594,7497000
2016-12-06,72.580002,73.110001,72.339996,72.459999,64.712959,6478500
2016-12-07,72.620003,76.470001,72.519997,76.400002,68.231728,9268200
2016-12-08,75.470001,76.370003,74.970001,75.239998,67.195755,7711500
2016-12-09,75.099998,75.389999,74.529999,74.690002,66.704575,5553800
2016-12-12,74.290001,74.959999,74.059998,74.510002,66.543808,6036500
2016-12-13,74.870003,75.190002,74.370003,74.650002,66.668816,6357700
2016-12-14,74.709999,75.230003,73.449997,73.559998,65.695343,6790100
2016-12-15,73.730003,74.489998,73.500000,73.669998,65.793610,6211200
2016-12-16,73.879997,74.160004,72.650002,72.959999,65.159492,7663200
2016-12-19,72.620003,73.519997,72.559998,72.919998,65.123787,5056300
2016-12-20,73.050003,74.480003,72.800003,74.269997,66.329453,5348500
2016-12-21,74.089996,74.320000,73.800003,74.190002,66.258018,2942800
2016-12-22,73.550003,74.089996,72.879997,73.010002,65.204185,4008500
2016-12-23,73.099998,73.290001,72.239998,72.300003,64.570076,3591800
2016-12-27,72.589996,72.750000,71.959999,72.230003,64.507568,3868800
2016-12-28,72.449997,72.470001,71.459999,71.570000,63.918121,4227400
2016-12-29,71.500000,71.900002,71.239998,71.339996,63.712723,4009800
2016-12-30,71.629997,72.080002,70.779999,71.120003,63.516243,3877700
2017-01-03,71.709999,71.919998,70.489998,70.949997,63.364395,6412200
2017-01-04,71.180000,72.230003,71.050003,71.809998,64.132477,5863700
2017-01-05,71.440002,71.790001,70.760002,71.070000,63.471588,4420200
2017-01-06,71.199997,71.400002,70.540001,70.949997,63.364395,4645500
2017-01-09,70.930000,71.320000,70.900002,71.070000,63.471588,3563600
2017-01-10,70.949997,71.699997,70.669998,71.209999,63.596622,4133800
2017-01-11,71.160004,71.370003,70.559998,71.260002,63.641273,3432200
2017-01-12,71.250000,71.639999,70.800003,71.580002,63.927067,4310600
2017-01-13,71.400002,72.610001,71.389999,72.150002,64.436119,6948000
2017-01-17,71.620003,73.209999,71.389999,72.379997,64.641541,5468500
2017-01-18,72.099998,72.099998,71.059998,71.379997,63.748432,8788300
2017-01-19,71.290001,72.650002,71.150002,71.599998,63.944927,6274000
2017-01-20,71.629997,71.930000,71.260002,71.760002,64.087830,5613900
2017-01-23,71.239998,72.839996,71.239998,72.580002,65.137848,5361300
2017-01-24,72.610001,74.029999,72.510002,74.000000,66.412231,5736800
2017-01-25,74.290001,74.750000,73.040001,73.059998,65.568619,5372700
2017-01-26,73.379997,73.830002,72.870003,73.230003,65.721199,5268800
2017-01-27,73.290001,73.430000,72.720001,73.250000,65.739136,4183700
2017-01-30,73.089996,73.639999,72.570000,73.570000,66.026344,3856000
2017-01-31,72.839996,73.540001,72.750000,73.080002,65.586594,4537500
2017-02-01,72.910004,73.029999,72.320000,72.349998,64.931435,4006600
2017-02-02,72.730003,72.790001,71.900002,71.949997,64.572433,3538300
2017-02-03,72.120003,73.400002,71.790001,73.290001,65.775032,6311700
2017-02-06,72.959999,73.199997,72.400002,72.610001,65.164764,5166800
2017-02-07,72.849998,72.989998,72.110001,72.239998,64.832703,3749500
2017-02-08,72.610001,72.769997,72.209999,72.449997,65.021179,4029600
2017-02-09,72.449997,73.690002,72.430000,73.529999,65.990417,4041000
2017-02-10,73.419998,74.040001,73.110001,73.970001,66.385300,3661300
2017-02-13,74.080002,74.260002,73.580002,73.900002,66.322495,3007800
2017-02-14,74.059998,75.889999,73.959999,75.720001,67.955864,8106600
2017-02-15,75.470001,77.470001,75.349998,76.910004,69.023865,10410300
2017-02-16,76.910004,77.400002,75.660004,76.320000,68.494347,4686200
2017-02-17,76.160004,76.739998,75.940002,76.739998,68.871307,5446200
2017-02-21,77.500000,77.519997,76.459999,77.250000,69.328979,5294100
2017-02-22,77.330002,77.449997,76.599998,76.800003,68.925133,3711600
2017-02-23,77.150002,77.209999,75.730003,75.800003,68.027679,5663400
2017-02-24,75.910004,76.339996,75.410004,76.099998,68.296936,11147700
2017-02-27,76.199997,76.449997,75.690002,76.419998,68.584106,4005300
2017-02-28,75.910004,75.930000,74.169998,74.370003,66.744301,10698500
2017-03-01,81.279999,82.849998,80.599998,81.449997,73.098328,21443900
2017-03-02,81.370003,81.400002,80.279999,80.400002,72.156013,8424000
2017-03-03,80.599998,81.870003,80.559998,81.680000,73.304741,6554000
2017-03-06,81.269997,81.500000,81.019997,81.019997,72.712425,6611900
2017-03-07,81.000000,81.320000,80.650002,80.839996,72.550888,4718000
2017-03-08,80.839996,81.720001,80.839996,81.330002,72.990646,4869200
2017-03-09,81.360001,81.809998,81.070000,81.169998,72.847061,3806600
2017-03-10,81.559998,82.000000,81.440002,81.580002,73.215012,4091100
2017-03-13,81.580002,81.989998,81.360001,81.580002,73.215012,4303500
2017-03-14,81.680000,82.180000,81.309998,81.940002,73.538101,4383400
2017-03-15,82.000000,83.320000,81.980003,83.269997,74.731720,4786400
2017-03-16,83.320000,84.000000,83.070000,83.220001,74.686867,4847300
2017-03-17,83.620003,83.739998,82.980003,83.529999,74.965057,5706500
2017-03-20,83.529999,83.529999,82.139999,82.349998,73.906044,6068300
2017-03-21,82.820000,83.300003,81.709999,81.919998,73.520149,5110800
2017-03-22,82.250000,82.930000,81.790001,82.349998,73.906044,4569100
2017-03-23,82.349998,83.050003,82.120003,82.449997,73.995804,3407200
2017-03-24,82.519997,82.889999,81.889999,82.209999,73.780418,3456900
2017-03-27,81.269997,82.059998,81.040001,81.559998,73.197060,4498100
2017-03-28,81.519997,82.650002,81.470001,82.400002,73.950935,4351300
2017-03-29,82.260002,82.620003,81.720001,82.209999,73.780418,3968400
2017-03-30,82.089996,82.550003,81.889999,82.300003,73.861198,3740800
2017-03-31,82.010002,82.550003,81.809998,82.209999,73.780418,4557000
2017-04-03,83.110001,83.139999,81.750000,82.040001,73.627861,5422900
2017-04-04,81.910004,82.080002,81.260002,81.589996,73.223961,4994700
2017-04-05,81.750000,82.690002,81.570000,81.620003,73.250916,4083100
2017-04-06,81.870003,82.459999,81.790001,81.970001,73.565018,3471800
2017-04-07,81.910004,82.400002,81.910004,82.139999,73.717590,3243700
2017-04-10,82.080002,82.989998,82.080002,82.419998,73.968864,2987900
2017-04-11,82.279999,82.750000,81.760002,82.410004,73.959908,3111700
2017-04-12,81.849998,82.169998,81.290001,81.870003,73.475266,3713800
2017-04-13,81.629997,81.919998,81.050003,81.059998,72.748329,3846400
2017-04-17,81.059998,81.980003,81.050003,81.949997,73.547058,3308100
2017-04-18,81.800003,82.320000,81.650002,82.129997,73.708595,3036500
2017-04-19,82.489998,82.739998,81.959999,81.989998,73.582985,3937300
2017-04-20,82.419998,83.559998,82.330002,83.290001,74.749672,4538900
2017-04-21,83.260002,83.699997,82.970001,83.470001,74.911209,5233500
2017-04-24,84.000000,84.470001,83.580002,84.169998,75.857513,4553600
2017-04-25,84.779999,85.309998,84.070000,84.510002,76.163948,5825200
2017-04-26,84.610001,85.650002,84.410004,85.230003,76.812836,4407700
2017-04-27,85.449997,85.760002,84.860001,85.269997,76.848877,6586300
2017-04-28,85.160004,85.290001,84.050003,84.879997,76.497414,4795000
2017-05-01,84.839996,85.099998,84.230003,84.400002,76.064796,3842000
2017-05-02,84.760002,85.430000,84.190002,85.379997,76.948013,4251500
2017-05-03,85.410004,86.000000,85.139999,85.529999,77.083199,3711800
2017-05-04,85.769997,85.860001,85.000000,85.400002,76.966034,3429400
2017-05-05,85.699997,86.000000,85.089996,86.000000,77.506798,3027900
2017-05-08,86.000000,86.180000,85.410004,86.000000,77.506798,4111000
2017-05-09,86.199997,86.250000,85.610001,85.849998,77.371605,5666200
2017-05-10,85.870003,86.129997,85.449997,86.059998,77.560875,5151900
2017-05-11,85.750000,85.820000,84.180000,84.699997,76.335167,6382000
2017-05-12,84.699997,85.029999,84.290001,84.820000,76.443336,3569200
2017-05-15,85.190002,86.059998,84.849998,85.190002,76.776779,7388000
2017-05-16,86.000000,86.199997,85.029999,85.360001,76.930000,5682600
2017-05-17,85.360001,85.360001,83.669998,83.750000,75.478989,4973500
2017-05-18,83.750000,84.440002,83.629997,84.050003,75.749374,4590800
2017-05-19,84.160004,84.919998,83.900002,84.589996,76.236038,3882900
2017-05-22,84.830002,84.919998,83.980003,84.050003,75.749374,7376500
2017-05-23,84.139999,84.190002,82.150002,82.339996,74.208252,9510000
2017-05-24,79.330002,80.279999,78.400002,79.849998,71.964149,18988900
2017-05-25,80.059998,81.660004,79.980003,81.330002,73.297989,10284700
2017-05-26,81.260002,81.480003,80.559998,80.910004,72.919456,4571600
2017-05-30,80.769997,80.809998,79.279999,79.410004,71.567627,6942300
2017-05-31,79.519997,79.639999,78.099998,78.769997,70.990799,8678100
2017-06-01,78.769997,80.430000,78.290001,80.430000,72.486885,6340100
2017-06-02,80.029999,80.739998,80.029999,80.220001,72.297615,4387700
2017-06-05,80.250000,80.330002,79.410004,79.440002,71.594650,3426600
2017-06-06,78.860001,79.190002,78.519997,78.699997,70.927727,7719900
2017-06-07,78.800003,78.930000,77.699997,77.790001,70.107605,5741200
2017-06-08,77.790001,78.480003,77.550003,77.639999,69.972404,7231000
2017-06-09,77.769997,78.849998,77.709999,78.650002,70.882660,5979000
2017-06-12,78.470001,79.139999,78.360001,79.029999,71.225143,6262700
2017-06-13,79.040001,79.809998,78.910004,79.650002,71.783897,4459000
2017-06-14,79.809998,81.040001,79.320000,80.559998,72.604042,5195000
2017-06-15,80.099998,80.489998,79.699997,80.389999,72.450821,6004900
2017-06-16,80.139999,80.360001,79.239998,79.800003,71.919106,7752900
2017-06-19,80.230003,81.349998,79.570000,81.080002,73.072678,4477800
2017-06-20,81.000000,81.449997,80.370003,80.459999,72.513901,4234300
2017-06-21,80.480003,80.809998,79.040001,79.139999,71.324287,4752000
2017-06-22,79.199997,79.349998,78.300003,78.339996,70.603271,8240900
2017-06-23,78.379997,78.410004,75.830002,76.070000,68.557449,13573700
2017-06-26,76.330002,76.949997,76.300003,76.699997,69.125237,5210800
2017-06-27,76.480003,77.110001,75.790001,76.330002,68.791779,7801700
2017-06-28,76.629997,77.220001,76.519997,77.019997,69.413635,4368400
2017-06-29,77.099998,77.190002,76.160004,76.599998,69.035110,3877400
2017-06-30,76.529999,77.940002,76.529999,77.529999,69.873283,4681300
2017-07-03,78.000000,78.449997,77.989998,78.260002,70.531189,2287900
2017-07-05,78.239998,78.389999,77.029999,77.370003,69.729065,3930000
2017-07-06,77.070000,77.300003,76.430000,76.589996,69.026100,4439700
2017-07-07,76.730003,77.300003,76.650002,77.150002,69.530785,3904900
2017-07-10,77.300003,77.470001,76.849998,76.919998,69.323509,4611900
2017-07-11,76.980003,77.120003,76.019997,76.250000,68.719688,5139100
2017-07-12,76.599998,76.919998,76.029999,76.220001,68.692642,4379300
2017-07-13,76.510002,76.910004,76.279999,76.519997,68.963013,4648200
2017-07-14,76.529999,76.699997,75.739998,76.059998,68.548447,4778400
2017-07-17,76.059998,76.669998,75.940002,76.430000,68.881897,3960600
2017-07-18,76.239998,76.410004,75.879997,75.959999,68.458328,3174100
2017-07-19,76.239998,77.150002,76.209999,76.830002,69.242393,4233600
2017-07-20,75.959999,76.139999,71.580002,72.559998,65.394112,23892100
2017-07-21,72.750000,74.110001,72.720001,73.839996,66.547676,11614600
2017-07-24,73.500000,74.760002,73.059998,74.309998,67.345222,7749200
2017-07-25,74.690002,76.180000,74.510002,75.690002,68.595871,6507000
2017-07-26,75.690002,76.330002,75.300003,75.980003,68.858688,4481600
2017-07-27,75.830002,77.680000,75.809998,77.000000,69.783073,6934800
2017-07-28,76.959999,77.349998,76.199997,76.480003,69.311836,5000600
2017-07-31,76.570000,77.519997,76.370003,77.400002,70.145622,6833300
2017-08-01,77.269997,77.959999,76.250000,77.830002,70.535301,3741200
2017-08-02,77.570000,78.150002,77.500000,77.860001,70.562477,3739000
2017-08-03,78.139999,78.910004,77.860001,77.910004,70.607796,3833200
2017-08-04,78.459999,78.570000,77.680000,78.370003,71.024673,2493000
2017-08-07,78.500000,78.839996,78.089996,78.320000,70.979378,4236500
2017-08-08,78.269997,78.330002,77.129997,77.209999,69.973412,4411300
2017-08-09,77.000000,78.360001,76.599998,78.339996,70.997498,3508400
2017-08-10,77.800003,77.989998,76.620003,77.010002,69.792145,4028600
2017-08-11,76.760002,77.510002,76.669998,77.260002,70.018715,3089300
2017-08-14,77.800003,78.129997,77.180000,77.720001,70.435616,3602800
2017-08-15,77.900002,77.900002,74.180000,74.300003,67.336159,9113400
2017-08-16,74.660004,75.550003,74.610001,75.349998,68.287743,4900400
2017-08-17,75.269997,75.529999,74.110001,74.120003,67.173004,6006800
2017-08-18,74.019997,74.190002,73.220001,73.639999,66.738007,5153600
2017-08-21,73.870003,74.489998,73.339996,73.849998,66.928337,8139500
2017-08-22,74.080002,75.930000,73.910004,75.820000,68.713684,7612800
2017-08-23,71.949997,73.410004,70.760002,73.010002,66.167053,26364300
2017-08-24,73.199997,73.870003,72.320000,72.610001,65.804543,10580200
2017-08-25,72.629997,73.629997,72.529999,73.349998,66.475182,6425500
2017-08-28,74.400002,75.230003,73.629997,73.800003,66.883026,6499800
2017-08-29,73.720001,74.169998,73.279999,73.449997,66.565819,6833300
2017-08-30,73.500000,74.269997,73.410004,73.910004,66.982712,6621500
2017-08-31,74.500000,74.830002,73.889999,73.889999,66.964577,9008900
2017-09-01,74.190002,74.779999,73.720001,74.650002,67.653351,4817300
2017-09-05,75.269997,76.139999,75.029999,75.680000,68.586807,8208700
2017-09-06,76.500000,77.519997,76.419998,77.470001,70.209053,8196700
2017-09-07,78.330002,78.739998,76.500000,77.680000,70.399353,10408600
2017-09-08,78.050003,79.349998,77.629997,78.559998,71.196861,11616600
2017-09-11,77.940002,78.250000,76.589996,77.500000,70.236229,7582200
2017-09-12,77.879997,78.800003,77.529999,78.660004,71.287498,5239100
2017-09-13,78.830002,79.430000,77.720001,77.860001,70.562477,7471900
2017-09-14,77.900002,78.589996,77.900002,78.459999,71.106255,5601200
2017-09-15,78.430000,78.779999,77.949997,77.989998,70.680298,14518200
2017-09-18,77.830002,78.190002,77.309998,77.669998,70.390297,8341900
2017-09-19,77.750000,78.150002,77.199997,77.489998,70.227158,5989100
2017-09-20,77.230003,78.080002,77.199997,77.910004,70.607796,6672100
2017-09-21,78.000000,78.209999,77.489998,78.040001,70.725601,6188200
2017-09-22,78.080002,78.440002,78.000000,78.230003,70.897827,5981200
2017-09-25,78.260002,79.519997,78.260002,79.339996,71.903770,8822400
2017-09-26,79.540001,79.820000,78.940002,79.290001,71.858444,5260600
2017-09-27,79.559998,79.800003,78.629997,79.230003,71.804077,5100400
2017-09-28,79.099998,79.690002,78.900002,79.449997,72.003464,4631700
2017-09-29,79.580002,80.150002,79.330002,79.940002,72.447548,4451600
2017-10-02,80.040001,81.269997,79.849998,80.790001,73.217865,7335000
2017-10-03,80.889999,81.610001,80.860001,81.349998,73.725388,3967700
2017-10-04,81.320000,81.739998,81.059998,81.459999,73.825089,4277500
2017-10-05,81.379997,82.739998,81.279999,82.260002,74.550095,5202900
2017-10-06,82.150002,82.639999,81.589996,81.860001,74.187584,4076400
2017-10-09,81.900002,82.410004,81.529999,81.739998,74.078819,3815400
2017-10-10,81.639999,81.870003,81.019997,81.099998,73.498802,4070400
2017-10-11,81.169998,81.559998,81.040001,81.209999,73.598488,4912100
2017-10-12,81.199997,81.830002,80.739998,81.570000,73.924767,3463000
2017-10-13,81.720001,82.519997,81.570000,82.330002,74.613510,5530000
2017-10-16,82.239998,82.440002,81.099998,81.199997,73.589432,4688000
2017-10-17,81.279999,81.680000,80.230003,81.110001,73.507874,5517700
2017-10-18,81.160004,81.320000,80.709999,80.750000,73.181618,4062000
2017-10-19,80.680000,81.400002,80.430000,81.269997,73.652870,3339400
2017-10-20,81.559998,81.639999,79.940002,80.040001,72.538170,6506600
2017-10-23,80.230003,81.199997,80.120003,80.410004,72.873482,5818100
2017-10-24,79.860001,81.160004,79.739998,81.160004,73.930138,4930400
2017-10-25,81.139999,81.550003,80.529999,80.989998,73.775284,4258900
2017-10-26,81.110001,82.480003,80.959999,81.529999,74.267189,5134000
2017-10-27,80.750000,81.019997,79.419998,80.610001,73.429153,7317100
2017-10-30,80.269997,80.320000,79.400002,79.410004,72.336044,7204600
2017-10-31,79.500000,80.209999,79.449997,79.949997,72.827942,5066600
2017-11-01,79.620003,80.500000,79.419998,79.919998,72.800613,4605500
2017-11-02,79.199997,79.300003,75.360001,76.650002,69.821907,11445200
2017-11-03,76.989998,78.110001,76.620003,77.919998,70.978775,5412000
2017-11-06,78.309998,78.370003,77.269997,77.410004,70.514198,3870900
2017-11-07,77.709999,78.320000,77.220001,77.629997,70.714607,4611900
2017-11-08,77.500000,78.519997,77.190002,78.089996,71.133629,4745700
2017-11-09,77.900002,78.309998,77.389999,78.080002,71.124527,4536400
2017-11-10,77.930000,78.019997,77.279999,77.489998,70.587090,7451900
2017-11-13,77.500000,77.879997,77.190002,77.529999,70.623520,6964100
2017-11-14,77.169998,79.260002,77.139999,79.230003,72.172066,6499200
2017-11-15,79.000000,79.040001,78.269997,78.370003,71.388680,5200400
2017-11-16,78.699997,79.550003,78.230003,79.470001,72.390694,5529000
2017-11-17,79.510002,80.500000,79.169998,80.220001,73.073883,6966500
2017-11-20,81.279999,81.900002,80.379997,81.459999,74.203430,7507100
2017-11-21,79.699997,82.220001,79.500000,80.589996,73.410934,13081200
2017-11-22,80.839996,81.180000,79.550003,79.559998,72.472687,7001400
2017-11-24,79.930000,79.949997,79.110001,79.239998,72.181175,2842000
2017-11-27,79.949997,80.779999,79.540001,79.830002,72.718636,6651100
2017-11-28,79.690002,81.739998,79.690002,81.680000,74.403831,7636900
2017-11-29,81.750000,84.360001,81.599998,83.300003,75.879532,10573500
2017-11-30,83.449997,84.680000,83.099998,83.370003,75.943275,9110000
2017-12-01,83.239998,84.419998,82.120003,84.230003,76.726669,4935300
2017-12-04,84.940002,88.480003,84.709999,88.040001,80.197281,13046100
2017-12-05,88.029999,88.550003,86.279999,86.309998,78.621376,9666000
2017-12-06,83.500000,86.089996,82.370003,82.400002,75.059700,12291000
2017-12-07,82.410004,83.739998,82.230003,83.629997,76.180107,10391100
2017-12-08,83.849998,85.730003,83.849998,85.599998,77.974625,7696300
2017-12-11,85.580002,86.099998,85.209999,85.540001,77.919983,6775400
2017-12-12,85.529999,85.709999,84.879997,84.989998,77.418976,7125600
2017-12-13,85.349998,85.790001,85.110001,85.599998,77.974625,5956700
2017-12-14,86.040001,86.349998,85.379997,85.580002,77.956398,3908500
2017-12-15,85.980003,87.139999,85.970001,86.690002,78.967537,7933000
2017-12-18,87.120003,88.089996,87.040001,87.440002,79.650726,7188500
2017-12-19,87.849998,89.330002,87.230003,88.860001,80.944237,5659300
2017-12-20,89.230003,90.940002,88.930000,90.190002,82.155754,6527400
2017-12-21,89.959999,91.029999,89.900002,90.730003,82.647636,5826400
2017-12-22,90.910004,91.250000,90.190002,91.190002,83.066658,3620900
2017-12-26,91.300003,92.080002,91.110001,91.889999,83.704308,2757600
2017-12-27,91.959999,92.400002,91.889999,92.110001,83.904716,2761200
2017-12-28,92.540001,92.940002,92.169998,92.860001,84.587906,3563800
2017-12-29,93.410004,93.550003,92.910004,92.940002,84.660751,3372000
2018-01-02,93.019997,93.459999,91.519997,91.620003,83.458351,6572600
2018-01-03,91.750000,92.089996,91.169998,92.019997,83.822739,4572000
2018-01-04,92.190002,92.820000,91.580002,92.739998,84.478577,3542800
2018-01-05,94.000000,94.800003,93.760002,94.739998,86.300430,5524200
2018-01-08,94.379997,95.129997,93.669998,93.709999,85.362167,6191600
2018-01-09,94.320000,94.919998,93.559998,94.550003,86.127365,4112200
2018-01-10,94.459999,94.830002,93.849998,94.169998,85.781204,2778000
2018-01-11,94.540001,95.779999,94.010002,95.739998,87.211327,3172600
2018-01-12,96.010002,102.279999,95.629997,100.860001,91.875244,14247600
2018-01-16,101.500000,105.599998,100.089996,100.970001,91.975441,13570400
2018-01-17,101.260002,102.290001,100.559998,101.680000,92.622192,5296100
2018-01-18,102.019997,102.129997,100.809998,101.360001,92.330704,5956600
2018-01-19,104.279999,105.349998,102.470001,104.949997,95.600899,9558300
2018-01-22,107.000000,107.379997,105.349998,107.110001,97.568481,7084300
2018-01-23,107.000000,108.309998,106.150002,107.110001,97.943398,6118200
2018-01-24,107.389999,107.639999,105.900002,106.720001,97.586784,4127500
2018-01-25,108.940002,108.980003,106.110001,106.379997,97.275871,4864800
2018-01-26,106.639999,107.400002,105.529999,107.400002,98.208557,4017200
2018-01-29,108.000000,108.379997,106.680000,106.839996,97.696495,3787300
2018-01-30,105.709999,106.139999,104.629997,105.180000,96.178558,6360800
2018-01-31,105.669998,106.199997,104.540001,104.730003,95.767097,7082200
2018-02-01,103.839996,105.080002,103.250000,103.860001,94.971535,4922900
2018-02-02,103.849998,103.860001,101.150002,101.500000,92.813515,6247900
2018-02-05,101.379997,103.110001,97.040001,97.580002,89.228989,8339800
2018-02-06,95.290001,100.919998,94.809998,100.220001,91.643044,9031200
2018-02-07,100.000000,102.320000,99.750000,99.919998,91.368721,5257300
2018-02-08,99.919998,100.110001,94.889999,95.010002,86.878944,7673100
2018-02-09,96.190002,98.160004,92.510002,97.169998,88.854073,9667800
2018-02-12,98.250000,99.000000,97.169998,97.779999,89.411880,8067600
2018-02-13,96.959999,97.610001,94.870003,96.059998,87.839073,5541700
2018-02-14,95.089996,97.400002,94.400002,96.930000,88.634621,8395800
2018-02-15,98.180000,98.190002,95.620003,96.510002,88.250557,5729300
2018-02-16,96.480003,97.669998,95.790001,96.309998,88.067657,5331500
2018-02-20,96.550003,97.680000,95.430000,95.650002,87.464157,6648700
2018-02-21,96.000000,97.199997,95.220001,95.339996,87.180695,4248700
2018-02-22,96.019997,97.180000,95.730003,96.889999,88.598053,4461200
2018-02-23,97.330002,97.620003,96.620003,97.489998,89.146683,4358200
2018-02-26,97.919998,97.980003,96.709999,97.510002,89.164970,4733600
2018-02-27,97.620003,98.410004,95.480003,95.790001,87.592186,8503300
2018-02-28,87.400002,92.220001,86.750000,89.589996,81.922768,34109800
2018-03-01,89.570000,89.699997,87.110001,87.959999,80.432281,15153400
2018-03-02,86.879997,87.339996,85.080002,85.339996,78.036499,12476800
2018-03-05,85.059998,87.019997,85.050003,86.330002,78.941795,8324600
2018-03-06,86.500000,87.199997,86.290001,87.120003,79.664154,6359000
2018-03-07,86.489998,86.809998,85.510002,86.110001,78.740601,6417100
2018-03-08,86.440002,86.809998,85.459999,86.160004,78.786339,4711800
2018-03-09,86.750000,87.330002,86.230003,87.279999,79.810493,6370400
2018-03-12,87.250000,88.059998,87.010002,87.680000,80.176231,5797500
2018-03-13,87.730003,88.019997,85.900002,86.139999,78.768036,5792000
2018-03-14,86.739998,86.919998,85.260002,86.379997,78.987495,7045600
2018-03-15,86.550003,86.650002,85.290001,85.540001,78.219391,4737800
2018-03-16,85.529999,87.339996,85.529999,87.000000,79.554443,8772400
2018-03-19,86.610001,87.019997,85.300003,85.790001,78.447975,6767000
2018-03-20,86.190002,86.449997,85.070000,85.730003,78.393120,4797800
2018-03-21,85.889999,87.980003,85.669998,87.250000,79.783043,6808700
2018-03-22,86.500000,87.269997,85.650002,85.699997,78.365685,12067700
2018-03-23,85.940002,86.129997,83.739998,83.769997,76.600861,7383700
2018-03-26,88.360001,90.330002,87.650002,89.300003,81.657593,13886800
2018-03-27,89.000000,89.000000,85.510002,85.959999,78.603432,10944900
2018-03-28,86.089996,86.930000,85.080002,85.879997,78.530281,7725100
2018-03-29,86.230003,88.000000,85.970001,87.750000,80.240242,8515600
2018-04-02,87.349998,87.550003,83.080002,84.589996,77.350670,9611700
2018-04-03,85.019997,86.010002,84.339996,85.449997,78.137093,7352900
2018-04-04,84.320000,88.269997,84.150002,88.059998,80.523720,7860800
2018-04-05,88.510002,89.050003,88.230003,88.750000,81.154671,5098000
2018-04-06,88.139999,89.150002,87.220001,88.239998,80.688301,8757100
2018-04-09,88.459999,88.599998,85.070000,85.239998,77.945053,7343900
2018-04-10,85.889999,87.290001,85.379997,87.139999,79.682442,5633700
2018-04-11,86.360001,87.769997,86.230003,86.650002,79.234398,4643900
2018-04-12,86.930000,87.300003,86.669998,87.040001,79.591019,3931300
2018-04-13,87.349998,87.629997,85.769997,86.230003,78.850334,4826100
2018-04-16,86.750000,86.980003,85.860001,86.059998,78.694870,5093300
2018-04-17,86.580002,86.930000,86.040001,86.160004,78.786339,5132200
2018-04-18,86.349998,87.449997,86.059998,86.410004,79.014900,5119500
2018-04-19,86.300003,86.300003,83.980003,84.879997,77.615883,5719400
2018-04-20,85.379997,85.559998,83.279999,83.620003,76.463707,7568700
2018-04-23,84.169998,84.570000,83.449997,84.349998,77.131226,5084400
2018-04-24,84.730003,85.070000,82.559998,82.910004,76.184784,5437000
2018-04-25,82.559998,82.760002,81.309998,81.480003,74.870789,10821900
2018-04-26,81.750000,84.080002,81.639999,83.279999,76.524773,9228400
2018-04-27,83.160004,84.449997,82.910004,84.000000,77.186348,3985900
2018-04-30,84.300003,84.379997,82.430000,82.430000,75.743698,4193700
2018-05-01,81.750000,82.980003,81.160004,82.959999,76.230736,3967400
2018-05-02,82.660004,85.220001,82.510002,83.959999,77.149605,6604200
2018-05-03,83.510002,83.559998,81.360001,82.830002,76.111252,5679100
2018-05-04,82.589996,84.739998,82.209999,84.230003,77.397713,3242700
2018-05-07,84.379997,84.519997,83.339996,83.849998,77.048531,4805900
2018-05-08,83.430000,84.279999,83.000000,84.250000,77.416069,3725700
2018-05-09,84.010002,85.129997,83.269997,84.419998,77.572289,4222400
2018-05-10,84.809998,85.500000,84.089996,85.070000,78.169579,5140900
2018-05-11,85.199997,87.739998,85.199997,87.449997,80.356514,6844500
2018-05-14,87.690002,87.930000,86.059998,86.580002,79.557068,5065400
2018-05-15,85.699997,86.650002,85.209999,85.690002,78.739281,4735500
2018-05-16,86.010002,86.129997,85.180000,85.510002,78.573883,3975100
2018-05-17,85.599998,86.180000,85.209999,85.470001,78.537117,3180900
2018-05-18,85.309998,86.870003,85.220001,86.339996,79.336540,5824100
2018-05-21,86.839996,87.550003,86.589996,87.389999,80.301384,4311300
2018-05-22,90.050003,90.349998,85.580002,85.750000,78.794411,10770300
2018-05-23,90.699997,95.139999,90.519997,94.690002,87.009262,26304800
2018-05-24,93.849998,96.750000,93.070000,96.489998,88.663231,10167500
2018-05-25,96.699997,97.489998,96.050003,96.690002,88.847008,7642200
2018-05-29,95.500000,96.750000,95.400002,95.779999,88.010818,5033600
2018-05-30,96.309998,97.980003,96.050003,97.419998,89.517799,4928200
2018-05-31,97.400002,97.830002,94.860001,95.010002,87.303291,7602100
2018-06-01,95.440002,96.339996,95.160004,95.830002,88.056755,4786000
2018-06-04,95.949997,97.900002,95.889999,97.589996,89.674004,5010400
2018-06-05,97.120003,97.690002,96.739998,97.500000,89.591316,3836700
2018-06-06,97.980003,98.639999,97.139999,98.489998,90.500999,4138000
2018-06-07,98.680000,99.650002,98.680000,99.269997,91.217728,4242200
2018-06-08,99.110001,100.300003,98.510002,100.220001,92.090675,3680400
2018-06-11,100.440002,100.930000,100.000000,100.500000,92.347977,3568300
2018-06-12,101.250000,101.330002,99.860001,100.500000,92.347977,3401900
2018-06-13,100.599998,100.830002,99.440002,99.459999,91.392326,4309700
2018-06-14,99.500000,99.980003,98.660004,99.160004,91.116669,4129900
2018-06-15,98.360001,99.669998,98.169998,99.180000,91.135033,6197800
2018-06-18,98.430000,99.389999,98.309998,98.589996,90.592888,3766100
2018-06-19,97.959999,98.750000,97.639999,98.160004,90.197777,6228100
2018-06-20,98.000000,98.940002,97.680000,98.440002,90.455063,4419700
2018-06-21,98.339996,99.389999,97.870003,99.059998,91.024780,4388100
2018-06-22,99.360001,99.470001,98.000000,98.220001,90.252914,5477300
2018-06-25,97.760002,98.480003,96.209999,96.849998,88.994034,4219200
2018-06-26,97.360001,97.669998,96.940002,97.129997,89.251328,4443400
2018-06-27,97.279999,98.239998,96.209999,96.309998,88.497818,3296500
2018-06-28,96.019997,96.739998,95.199997,96.000000,88.212982,3945100
2018-06-29,96.599998,97.430000,95.570000,95.570000,87.817871,4212900
2018-07-02,95.360001,95.550003,93.959999,94.870003,87.174660,6036300
2018-07-03,95.250000,96.199997,94.889999,95.059998,87.349220,2193100
2018-07-05,95.419998,95.680000,94.800003,95.519997,87.771896,3182400
2018-07-06,95.250000,96.510002,94.510002,96.139999,88.341606,3818600
2018-07-09,96.559998,97.730003,96.260002,96.959999,89.095123,2646000
2018-07-10,97.989998,99.410004,97.639999,99.010002,90.978828,4547800
2018-07-11,98.500000,98.900002,97.570000,98.610001,90.611282,3796900
2018-07-12,99.019997,99.070000,97.910004,98.300003,90.326431,2995100
2018-07-13,99.000000,100.739998,98.870003,99.580002,91.502602,5197600
2018-07-16,99.669998,99.849998,98.750000,99.629997,91.548531,2502200
2018-07-17,99.599998,100.459999,99.379997,100.250000,92.118240,2866300
2018-07-18,100.339996,101.099998,100.230003,101.050003,92.853355,2922700
2018-07-19,101.000000,101.980003,100.820000,101.389999,93.165771,2742300
2018-07-20,101.110001,101.250000,100.449997,100.660004,92.494987,5424700
2018-07-23,100.160004,101.480003,100.129997,101.160004,92.954430,3626200
2018-07-24,101.269997,101.480003,99.580002,100.000000,92.326607,3017400
2018-07-25,99.889999,100.059998,97.839996,99.019997,91.421799,4288700
2018-07-26,99.099998,99.419998,97.980003,98.519997,90.960167,3063400
2018-07-27,99.000000,99.400002,97.540001,98.000000,90.480087,3718900
2018-07-30,98.070000,99.540001,98.050003,99.279999,91.661858,4518400
2018-07-31,99.389999,100.160004,98.959999,99.339996,91.717247,3239400
2018-08-01,98.989998,99.320000,97.709999,97.959999,90.443138,2942100
2018-08-02,97.699997,97.889999,96.739998,97.440002,89.963036,4253500
2018-08-03,97.830002,98.449997,97.480003,97.629997,90.138474,3546800
2018-08-06,97.519997,98.029999,97.349998,97.750000,90.249252,3247200
2018-08-07,97.660004,99.000000,97.379997,98.779999,91.200218,2754800
2018-08-08,98.809998,99.300003,98.519997,98.870003,91.283318,1816100
2018-08-09,99.430000,100.580002,98.879997,99.940002,92.271233,4206500
2018-08-10,99.169998,99.620003,98.029999,98.309998,90.766266,3068300
2018-08-13,98.309998,98.610001,97.040001,97.089996,89.639900,3399300
2018-08-14,97.449997,98.570000,96.239998,98.400002,90.849388,3754500
2018-08-15,97.750000,97.949997,96.260002,96.830002,89.399849,3979200
2018-08-16,97.260002,98.230003,97.160004,97.680000,90.184631,4325100
2018-08-17,97.669998,98.230003,97.330002,97.980003,90.461617,2575800
2018-08-20,97.980003,99.139999,97.910004,98.970001,91.375648,3467000
2018-08-21,99.290001,100.290001,98.809998,99.739998,92.086555,5599900
2018-08-22,104.970001,109.800003,104.269997,105.519997,97.423050,24973400
2018-08-23,106.930000,107.639999,106.199997,107.150002,98.927956,7492700
2018-08-24,106.839996,108.010002,106.660004,106.800003,98.604813,5107100
2018-08-27,107.410004,107.989998,106.769997,106.970001,98.761780,3119400
2018-08-28,106.889999,108.389999,106.889999,108.269997,99.962013,3794600
2018-08-29,108.250000,108.860001,107.620003,108.680000,100.340561,3297800
2018-08-30,108.290001,108.489998,107.589996,107.879997,99.601952,2533300
2018-08-31,107.779999,108.830002,107.690002,108.750000,100.405197,4263300
2018-09-04,108.389999,110.230003,108.029999,109.930000,101.494652,3883800
2018-09-05,109.660004,110.779999,108.379997,108.410004,100.091286,4722900
2018-09-06,108.440002,109.680000,108.279999,109.379997,100.986832,3621600
2018-09-07,108.989998,110.489998,108.820000,109.589996,101.180725,3826200
2018-09-10,110.720001,112.889999,110.239998,112.389999,103.765877,6210600
2018-09-11,112.949997,114.529999,112.099998,114.180000,105.418526,5757700
2018-09-12,114.309998,114.540001,112.839996,114.339996,105.566246,5515400
2018-09-13,113.489998,113.699997,112.010002,112.750000,104.098259,4856500
2018-09-14,113.260002,114.230003,112.160004,113.889999,105.150757,5294700
2018-09-17,113.680000,114.150002,113.410004,113.739998,105.012291,4780000
2018-09-18,113.300003,115.720001,113.220001,115.550003,106.683395,4439400
2018-09-19,115.690002,116.500000,115.480003,116.260002,107.338913,3587400
2018-09-20,116.019997,116.860001,116.019997,116.699997,107.745148,4663800
2018-09-21,116.940002,117.349998,116.339996,116.839996,107.874420,9171800
2018-09-24,116.209999,116.580002,114.830002,115.010002,106.184845,5647500
2018-09-25,115.320000,116.000000,114.940002,115.199997,106.360237,3999100
2018-09-26,115.779999,116.190002,114.769997,114.790001,105.981712,4293700
2018-09-27,114.589996,115.180000,113.570000,114.500000,105.713951,4419900
2018-09-28,116.629997,117.699997,114.680000,114.820000,106.009392,5745200
2018-10-01,115.580002,115.629997,114.040001,114.070000,105.316978,4430100
2018-10-02,114.379997,114.769997,112.570000,112.589996,103.950523,5055600
2018-10-03,113.000000,113.510002,111.540001,111.750000,103.174995,6153900
2018-10-04,111.750000,111.830002,110.019997,110.779999,102.279411,5750200
2018-10-05,110.639999,111.110001,108.389999,109.739998,101.319199,5278500
2018-10-08,109.519997,110.089996,108.769997,109.900002,101.466942,4187000
2018-10-09,110.089996,110.980003,109.150002,109.169998,100.792946,3425800
2018-10-10,110.930000,111.110001,106.059998,106.290001,98.133957,5258200
2018-10-11,106.389999,108.739998,103.809998,104.230003,96.232018,6025200
2018-10-12,105.750000,107.029999,104.019997,105.360001,97.275307,4504400
2018-10-15,105.360001,105.910004,104.639999,104.669998,96.638252,3802200
2018-10-16,105.050003,106.559998,104.230003,105.980003,97.847740,3637300
2018-10-17,102.370003,103.320000,101.389999,102.440002,94.579376,5960100
2018-10-18,102.160004,102.370003,99.519997,99.709999,92.058868,7071800
2018-10-19,99.779999,100.559998,98.949997,99.589996,91.948067,4686600
2018-10-22,99.889999,100.260002,98.180000,98.389999,90.840157,3770500
2018-10-23,96.839996,98.879997,95.599998,98.120003,91.034988,6968500
2018-10-24,98.320000,100.709999,96.320000,96.529999,89.559784,5724500
2018-10-25,97.059998,98.779999,95.760002,97.949997,90.877251,4534900
2018-10-26,96.360001,96.629997,93.099998,93.779999,87.008354,6600000
2018-10-29,94.860001,95.550003,91.610001,92.860001,86.154800,4245000
2018-10-30,93.110001,95.019997,92.989998,94.739998,87.899055,4913000
2018-10-31,95.820000,97.550003,95.040001,95.220001,88.344383,5792000
2018-11-01,95.290001,97.809998,94.599998,97.440002,90.404076,4626900
2018-11-02,98.419998,99.110001,95.800003,96.820000,89.828842,4535500
2018-11-05,96.650002,97.639999,95.690002,97.070000,90.060799,3309700
2018-11-06,96.779999,97.589996,96.330002,97.510002,90.469025,2432200
2018-11-07,98.099998,100.660004,96.900002,100.599998,93.335907,6632600
2018-11-08,99.389999,100.690002,98.980003,99.470001,92.287506,4918600
2018-11-09,98.949997,99.050003,96.430000,96.820000,89.828842,5187000
2018-11-12,96.599998,97.660004,95.400002,95.650002,88.743347,6183400
2018-11-13,94.949997,96.199997,93.769997,95.589996,88.687653,5196700
2018-11-14,96.669998,97.400002,94.389999,94.910004,88.056770,4380800
2018-11-15,94.110001,94.440002,91.580002,93.680000,86.915604,6747700
2018-11-16,92.839996,93.470001,92.010002,93.250000,86.516624,4090600
2018-11-19,93.309998,93.900002,90.580002,91.349998,84.753815,5898000
2018-11-20,85.860001,89.620003,84.750000,86.180000,79.957138,10061000
2018-11-21,86.550003,89.019997,86.209999,88.370003,81.989006,7344500
2018-11-23,88.019997,88.599998,87.540001,87.809998,81.469460,3008400
2018-11-26,88.669998,89.480003,87.300003,89.309998,82.861137,5151100
2018-11-27,89.110001,91.639999,89.110001,91.639999,85.022896,5608100
2018-11-28,92.040001,93.739998,90.620003,93.690002,86.924873,6964000
2018-11-29,93.349998,93.550003,91.959999,93.199997,86.470230,5398800
2018-11-30,92.949997,94.529999,92.459999,94.370003,87.555779,6881000
2018-12-03,95.489998,96.059998,93.839996,94.290001,87.481537,5645500
2018-12-04,94.519997,95.099998,89.930000,90.330002,83.807487,6114000
2018-12-06,88.839996,91.019997,87.480003,90.949997,84.382698,5954300
2018-12-07,90.370003,92.290001,89.050003,89.400002,82.944649,4968600
2018-12-10,89.739998,90.279999,87.300003,89.430000,82.972473,3262700
2018-12-11,90.349998,92.080002,89.000000,89.480003,83.018867,4137000
2018-12-12,89.989998,93.739998,87.669998,92.110001,85.458954,10837300
2018-12-13,92.800003,94.500000,92.139999,94.290001,87.481537,7984600
2018-12-14,93.680000,94.949997,92.970001,93.360001,86.618683,7103900
2018-12-17,92.790001,92.889999,89.800003,90.449997,83.918800,6047700
2018-12-18,91.370003,92.959999,90.750000,91.459999,84.855881,4574500
2018-12-19,91.760002,93.959999,89.680000,90.330002,83.807487,5188700
2018-12-20,89.610001,90.949997,87.430000,89.160004,82.721977,6819300
2018-12-21,89.510002,91.459999,87.540001,87.639999,81.311722,8070300
2018-12-24,87.070000,88.379997,85.900002,85.959999,79.753021,3121700
2018-12-26,86.510002,91.050003,86.480003,91.040001,84.466217,4335100
2018-12-27,89.570000,91.919998,88.330002,91.860001,85.226990,4700400
2018-12-28,92.230003,93.209999,91.190002,91.870003,85.236275,3825300
2018-12-31,92.800003,93.639999,91.519997,92.360001,85.690895,4034100
2019-01-02,91.220001,92.839996,90.779999,92.269997,85.607399,4198200
2019-01-03,91.650002,92.519997,90.650002,91.169998,84.586830,3798900
2019-01-04,91.949997,94.430000,91.889999,93.870003,87.091866,4107400
2019-01-07,93.680000,96.800003,93.680000,95.650002,88.743347,4885000
2019-01-08,96.660004,97.860001,95.610001,97.629997,90.580368,4663500
2019-01-09,97.379997,98.220001,96.680000,97.029999,90.023705,5692200
2019-01-10,96.360001,96.529999,94.669998,95.980003,89.049515,4494000
2019-01-11,95.720001,97.610001,95.400002,97.300003,90.274208,3682100
2019-01-14,96.339996,97.190002,96.180000,96.910004,89.912354,2931600
2019-01-15,95.769997,95.769997,94.260002,94.910004,88.056770,4922000
2019-01-16,94.820000,95.389999,93.849998,93.959999,87.175369,4579200
2019-01-17,92.629997,92.720001,91.209999,92.050003,85.403290,6947600
2019-01-18,92.830002,95.029999,92.680000,94.980003,88.121719,7206500
2019-01-22,93.410004,93.410004,90.750000,91.559998,85.380150,5950000
2019-01-23,91.160004,92.239998,90.230003,91.830002,85.631920,4842300
2019-01-24,91.839996,92.169998,91.110001,91.800003,85.603966,4047200
2019-01-25,92.550003,93.860001,92.550003,93.820000,87.487610,4750900
2019-01-28,93.080002,93.360001,92.010002,93.150002,86.862823,3631900
2019-01-29,92.410004,93.529999,92.150002,93.430000,87.123932,3125500
2019-01-30,93.760002,96.400002,93.519997,95.750000,89.287346,4965900
2019-01-31,95.290001,97.489998,94.910004,96.160004,89.669670,5400500
2019-02-01,96.209999,97.160004,95.839996,97.110001,90.555542,5324100
2019-02-04,97.639999,98.010002,96.910004,97.870003,91.264267,2801400
2019-02-05,97.669998,98.580002,97.480003,98.099998,91.478722,3667000
2019-02-06,97.919998,98.230003,96.849998,97.190002,90.630150,2952600
2019-02-07,96.489998,97.139999,95.930000,96.879997,90.341080,3990200
2019-02-08,96.459999,97.349998,95.980003,97.169998,90.611511,6217700
2019-02-11,97.190002,97.440002,96.650002,96.879997,90.341080,3045600
2019-02-12,97.550003,99.889999,97.260002,99.470001,92.756264,3553200
2019-02-13,99.949997,101.760002,99.889999,101.459999,94.611946,6576400
2019-02-14,100.800003,101.959999,99.800003,101.510002,94.658569,3009800
2019-02-15,102.739998,104.500000,102.430000,104.239998,97.204315,4666100
2019-02-19,104.019997,105.709999,103.800003,105.059998,97.968971,3342800
2019-02-20,105.660004,105.910004,104.800003,105.660004,98.528465,3328300
2019-02-21,105.510002,106.349998,105.040001,105.519997,98.397926,3395400
2019-02-22,105.889999,106.349998,105.400002,106.269997,99.097298,2734600
2019-02-25,107.000000,107.000000,104.629997,105.010002,97.922348,4665100
2019-02-26,103.230003,105.080002,102.739998,105.029999,97.940987,7954700
2019-02-27,109.010002,109.919998,105.209999,107.620003,100.356178,8874700
2019-02-28,107.510002,107.510002,104.099998,105.089996,97.996941,8144300
2019-03-01,105.900002,106.099998,103.250000,103.959999,96.943214,4655200
2019-03-04,104.660004,104.889999,102.309998,103.190002,96.225182,4015300
2019-03-05,103.449997,103.750000,102.440002,103.010002,96.057343,3460100
2019-03-06,103.260002,103.540001,102.209999,102.339996,95.432549,2730700
2019-03-07,102.029999,102.059998,100.410004,100.709999,93.912560,4704800
2019-03-08,99.779999,100.559998,98.000000,99.330002,92.625717,6181300
2019-03-11,99.830002,100.699997,97.550003,100.400002,93.623505,4598900
2019-03-12,100.400002,101.239998,99.580002,100.860001,94.052452,4928400
2019-03-13,101.099998,101.919998,100.610001,101.169998,94.341522,6268200
2019-03-14,100.980003,101.260002,100.250000,100.809998,94.005814,5393400
2019-03-15,101.070000,101.150002,99.430000,100.139999,93.381050,6677500
2019-03-18,99.989998,101.980003,99.989998,101.879997,95.003609,4471400
2019-03-19,102.489998,104.349998,102.440002,103.449997,96.467644,5801500
2019-03-20,103.779999,104.379997,102.120003,103.589996,96.598175,4636000
2019-03-21,103.879997,106.690002,103.699997,106.349998,99.171898,4835300
2019-03-22,106.050003,107.029999,104.919998,104.949997,97.866386,4106600
2019-03-25,104.760002,106.800003,104.760002,106.029999,98.873497,3994500
2019-03-26,106.860001,107.220001,105.510002,105.959999,98.808212,4633200
2019-03-27,106.040001,108.040001,105.989998,107.389999,100.141685,4230100
2019-03-28,107.879997,108.889999,107.720001,108.370003,101.055565,4099900
2019-03-29,108.779999,109.940002,108.440002,109.470001,102.081329,5318700
2019-04-01,110.209999,111.209999,105.839996,108.930000,101.577766,10408000
2019-04-02,108.900002,110.029999,108.860001,109.910004,102.491631,3722400
2019-04-03,110.550003,112.209999,110.000000,111.930000,104.375259,4127200
2019-04-04,112.139999,113.349998,111.709999,113.320000,105.671463,3007800
2019-04-05,113.629997,115.250000,113.629997,114.980003,107.219421,3776800
2019-04-08,115.000000,116.169998,114.900002,115.790001,107.974754,4988100
2019-04-09,115.230003,115.260002,112.879997,113.139999,105.503601,3694400
2019-04-10,113.820000,113.849998,111.900002,113.760002,106.081757,4434900
2019-04-11,113.870003,115.220001,113.360001,115.129997,107.359276,2540500
2019-04-12,115.580002,116.809998,115.360001,116.260002,108.413017,3214100
2019-04-15,116.419998,117.419998,116.230003,117.180000,109.270920,3110800
2019-04-16,117.500000,117.940002,116.559998,117.029999,109.131058,2687800
2019-04-17,117.500000,118.230003,116.919998,117.120003,109.214981,3874700
2019-04-18,117.019997,117.070000,113.699997,113.739998,106.063110,6321400
2019-04-22,113.519997,115.309998,113.050003,113.430000,105.774025,4674200
2019-04-23,112.989998,114.739998,112.040001,113.540001,106.326561,4033900
2019-04-24,113.820000,114.820000,113.550003,113.970001,106.729233,2940200
2019-04-25,113.580002,114.150002,112.629997,113.599998,106.382744,4164800
2019-04-26,113.489998,113.870003,112.059998,112.480003,105.333908,4064500
2019-04-29,112.019997,112.510002,110.589996,112.220001,105.090416,3186900
2019-04-30,111.570000,113.300003,111.199997,113.139999,105.951965,3367100
2019-05-01,113.040001,113.040001,110.699997,110.699997,103.666969,2953100
2019-05-02,110.599998,112.169998,110.370003,112.110001,104.987396,3206000
2019-05-03,112.620003,113.129997,112.150002,112.360001,105.221527,2575200
2019-05-06,111.040001,111.669998,110.099998,111.349998,104.275688,2730500
2019-05-07,110.000000,110.000000,106.169998,107.120003,100.314423,4885500
2019-05-08,107.080002,107.709999,106.209999,106.730003,99.949211,3366500
2019-05-09,105.739998,106.500000,104.629997,106.290001,99.537155,2919700
2019-05-10,105.690002,107.260002,103.750000,106.639999,99.864929,3795300
2019-05-13,104.750000,105.019997,103.519997,104.660004,98.010719,4714900
2019-05-14,105.010002,106.559998,104.599998,105.750000,99.031456,2961900
2019-05-15,105.410004,108.050003,105.129997,107.620003,100.782661,5104200
2019-05-16,108.269997,109.599998,108.050003,108.589996,101.691032,2860300
2019-05-17,107.639999,110.040001,107.500000,109.019997,102.093697,3712900
2019-05-20,108.089996,110.139999,108.089996,109.199997,102.262276,4452200
2019-05-21,107.750000,111.709999,107.620003,111.099998,104.041565,6415500
2019-05-22,101.250000,102.510002,95.410004,97.940002,91.717667,22721500
2019-05-23,97.190002,97.500000,94.220001,94.800003,88.777138,12687500
2019-05-24,95.430000,95.760002,94.389999,95.370003,89.310928,7096200
2019-05-28,95.190002,95.680000,91.669998,91.870003,86.033302,11747200
2019-05-29,91.790001,93.760002,91.599998,93.230003,87.306900,9281500
2019-05-30,93.839996,94.730003,93.389999,93.879997,87.915596,5709600
2019-05-31,92.500000,94.059998,92.290001,93.279999,87.353714,6530400
2019-06-03,93.029999,95.059998,92.900002,93.839996,87.878136,8393900
2019-06-04,95.010002,97.050003,95.010002,96.830002,90.678185,5560500
2019-06-05,97.540001,97.540001,95.290001,96.250000,90.135025,5136800
2019-06-06,96.300003,96.769997,95.129997,96.239998,90.125648,4569600
2019-06-07,96.980003,97.620003,96.699997,96.760002,90.612625,3974600
2019-06-10,97.500000,98.419998,96.139999,96.309998,90.191216,5789500
2019-06-11,97.279999,97.629997,96.120003,96.349998,90.228683,3256100
2019-06-12,96.209999,97.040001,96.139999,96.330002,90.209946,2878600
2019-06-13,96.849998,98.669998,96.730003,98.620003,92.354462,3617400
2019-06-14,98.989998,99.989998,98.500000,99.629997,93.300285,4437100
2019-06-17,99.769997,100.750000,99.330002,100.080002,93.721703,4212700
2019-06-18,100.690002,101.570000,99.199997,99.309998,93.000626,3960900
2019-06-19,99.190002,99.330002,97.529999,98.730003,92.457466,5558100
2019-06-20,99.910004,101.830002,99.750000,101.440002,94.995300,5355300
2019-06-21,101.809998,102.959999,100.779999,100.839996,94.433403,7188200
2019-06-24,100.699997,101.040001,98.989998,99.019997,92.729027,4920200
2019-06-25,99.650002,100.190002,98.099998,98.220001,91.979881,4767800
2019-06-26,98.610001,100.029999,98.089996,99.239998,92.935059,4399900
2019-06-27,99.290001,99.959999,98.900002,99.360001,93.047432,3395800
2019-06-28,99.389999,101.180000,99.309998,100.910004,94.498985,4298900
2019-07-01,102.099998,103.769997,101.440002,102.199997,95.707016,4072900
2019-07-02,102.250000,102.949997,101.820000,102.690002,96.165878,2560200
2019-07-03,103.050003,103.629997,102.639999,103.150002,96.596657,1851200
2019-07-05,102.790001,104.370003,102.720001,104.220001,97.598679,2536400
2019-07-08,104.120003,105.180000,103.790001,104.660004,98.010719,3882900
2019-07-09,103.820000,105.160004,103.820000,104.860001,98.198013,3719600
2019-07-10,104.660004,104.660004,102.120003,103.080002,96.531082,4302200
2019-07-11,104.120003,105.129997,103.599998,104.870003,98.207382,2977700
2019-07-12,105.400002,107.760002,105.360001,107.400002,100.576622,4814200
2019-07-15,107.720001,108.309998,107.239998,107.970001,101.110435,4492200
2019-07-16,107.480003,108.220001,106.440002,106.500000,99.733810,4722400
2019-07-17,106.360001,106.709999,104.879997,104.930000,98.263565,5159100
2019-07-18,104.059998,104.300003,103.339996,103.750000,97.158531,5147100
2019-07-19,104.190002,104.309998,102.470001,102.500000,95.987953,4190700
2019-07-22,102.790001,103.260002,101.959999,102.550003,96.034767,4501200
2019-07-23,102.440002,103.510002,102.279999,102.599998,96.599678,5064200
2019-07-24,102.449997,103.989998,102.220001,102.800003,96.787979,5989100
2019-07-25,102.470001,103.470001,101.769997,102.050003,96.081833,4215100
2019-07-26,102.290001,103.900002,101.589996,103.529999,97.475288,4785700
2019-07-29,103.680000,104.389999,103.639999,103.959999,97.880142,3909600
2019-07-30,103.400002,104.230003,102.970001,103.769997,97.701248,3981400
2019-07-31,103.220001,103.800003,100.839996,101.400002,95.469864,5533400
2019-08-01,101.739998,102.970001,99.209999,99.489998,93.671555,5469600
2019-08-02,99.449997,100.139999,98.849998,99.230003,93.426773,3917900
2019-08-05,97.589996,97.660004,96.110001,97.040001,91.364838,4685100
2019-08-06,97.199997,98.089996,95.900002,97.919998,92.193367,4167800
2019-08-07,97.000000,98.760002,96.010002,98.379997,92.626472,3686700
2019-08-08,99.690002,100.480003,99.160004,100.470001,94.594246,3495800
2019-08-09,100.370003,100.750000,98.180000,98.550003,92.786530,5370900
2019-08-12,97.669998,97.900002,95.949997,96.080002,90.461006,2878800
2019-08-13,95.269997,98.389999,95.150002,96.580002,90.931755,5129600
2019-08-14,94.800003,95.320000,93.540001,93.589996,88.116615,5746100
2019-08-15,94.320000,94.559998,91.820000,93.379997,87.918884,4745100
2019-08-16,94.199997,94.980003,93.379997,93.919998,88.427315,4368300
2019-08-19,95.269997,96.029999,94.650002,95.050003,89.491226,7212000
2019-08-20,95.820000,99.120003,95.379997,97.870003,92.146309,9298100
2019-08-21,110.019997,110.239998,107.110001,108.000000,101.683868,19753500
2019-08-22,108.379997,108.610001,106.930000,108.160004,101.834526,7264400
2019-08-23,107.089996,107.839996,105.760002,106.389999,100.168037,5520700
2019-08-26,107.599998,107.599998,105.550003,106.400002,100.177444,4720200
2019-08-27,107.080002,107.529999,105.980003,106.040001,99.838501,3722600
2019-08-28,105.599998,108.580002,105.320000,108.180000,101.853325,4187800
2019-08-29,109.370003,112.860001,109.059998,112.589996,106.005417,5996600
2019-08-30,113.239998,113.239998,111.839996,112.199997,105.638252,4610100
2019-09-03,111.370003,112.519997,110.650002,111.180000,104.677895,3893500
2019-09-04,111.570000,112.040001,109.500000,111.919998,105.374634,4114000
2019-09-05,113.190002,115.250000,113.019997,114.209999,107.530693,3662500
2019-09-06,114.730003,115.400002,114.089996,114.709999,108.001442,3462600
2019-09-09,114.889999,115.400002,114.040001,114.790001,108.076790,3782200
2019-09-10,114.470001,115.959999,112.949997,115.279999,108.538109,4771600
2019-09-11,115.449997,115.669998,113.150002,113.489998,106.852798,4073700
2019-09-12,114.080002,115.139999,113.860001,113.879997,107.219994,3471400
2019-09-13,114.470001,115.150002,113.150002,113.360001,106.730408,3476500
2019-09-16,112.650002,113.889999,112.139999,112.629997,106.043098,2433400
2019-09-17,111.720001,112.879997,110.879997,112.730003,106.137260,2827300
2019-09-18,112.480003,113.139999,111.559998,112.599998,106.014847,2246400
2019-09-19,112.639999,112.879997,111.680000,111.870003,105.327553,2369100
2019-09-20,112.930000,113.190002,110.949997,110.959999,104.470772,6226500
2019-09-23,110.190002,112.019997,109.589996,110.440002,103.981171,5319700
2019-09-24,111.260002,112.220001,109.750000,110.019997,103.585732,3937700
2019-09-25,110.209999,111.250000,109.959999,110.750000,104.273056,2908900
2019-09-26,111.080002,111.419998,109.389999,110.720001,104.244797,3992600
2019-09-27,111.480003,111.839996,108.809998,109.540001,103.133820,3939600
2019-09-30,109.830002,110.300003,108.959999,109.959999,103.529251,4024400
2019-10-01,110.089996,111.930000,108.849998,109.519997,103.114975,3966100
2019-10-02,109.309998,109.309998,105.919998,106.349998,100.130379,5040700
2019-10-03,106.279999,106.699997,104.589996,106.370003,100.149200,5002800
2019-10-04,106.919998,107.790001,106.290001,107.419998,101.137802,4311800
2019-10-07,107.629997,108.959999,107.199997,108.230003,101.900444,3686800
2019-10-08,106.889999,108.230003,106.480003,106.500000,100.271591,3261700
2019-10-09,107.190002,107.660004,105.639999,106.300003,100.083282,3224000
2019-10-10,106.459999,108.500000,106.449997,108.190002,101.862770,3218500
2019-10-11,109.889999,111.650002,109.400002,110.809998,104.329544,4498500
2019-10-14,110.449997,111.239998,110.260002,110.669998,104.197731,2129900
2019-10-15,111.610001,113.000000,111.199997,112.419998,105.845375,3340700
2019-10-16,112.209999,112.779999,111.720001,112.330002,105.760658,2900400
2019-10-17,112.860001,113.419998,111.959999,112.599998,106.014847,2615600
2019-10-18,112.160004,113.120003,112.050003,112.839996,106.240807,3712300
2019-10-21,113.320000,113.809998,111.400002,111.949997,105.402870,2827300
2019-10-22,111.709999,113.529999,111.610001,112.470001,106.415283,3574700
2019-10-23,111.959999,112.269997,110.760002,111.510002,105.506950,2181200
2019-10-24,111.669998,112.919998,110.459999,110.870003,104.901413,2084800
2019-10-25,110.589996,112.550003,110.349998,111.580002,105.573189,2260000
2019-10-28,111.970001,112.489998,111.029999,111.639999,105.629959,2489300
2019-10-29,111.269997,111.519997,109.209999,109.529999,103.633530,3034800
2019-10-30,109.879997,111.459999,109.190002,111.279999,105.289314,3064900
2019-10-31,112.339996,112.989998,110.800003,111.610001,105.601555,3413100
2019-11-01,111.919998,112.970001,110.150002,112.949997,106.869423,2801800
2019-11-04,113.059998,113.639999,111.709999,112.620003,106.557182,2518000
2019-11-05,112.660004,112.750000,111.029999,112.199997,106.159798,2360400
2019-11-06,113.000000,113.809998,111.419998,112.669998,106.604492,3229200
2019-11-07,113.449997,114.160004,112.120003,112.599998,106.538269,2656300
2019-11-08,112.739998,114.070000,112.260002,114.000000,107.862900,2792400
2019-11-11,113.220001,114.489998,112.720001,114.449997,108.288673,2936700
2019-11-12,114.379997,115.540001,114.190002,114.320000,108.165672,4174600
2019-11-13,112.970001,114.410004,111.940002,112.849998,106.774803,4252300
2019-11-14,113.519997,114.839996,112.699997,114.540001,108.373833,2852400
2019-11-15,115.120003,115.699997,113.500000,115.519997,109.301071,3623200
2019-11-18,115.739998,116.800003,115.019997,115.019997,108.827980,5506900
2019-11-19,115.120003,115.120003,112.879997,113.400002,107.295189,7154000
2019-11-20,118.279999,121.220001,116.959999,117.830002,111.486710,16114700
2019-11-21,118.989998,119.000000,116.680000,117.019997,110.720314,5747800
2019-11-22,117.089996,118.199997,116.750000,118.199997,111.836792,4473300
2019-11-25,118.820000,119.150002,116.690002,117.000000,110.701393,4468900
2019-11-26,117.559998,118.339996,116.949997,117.779999,111.439400,4752300
2019-11-27,118.059998,118.959999,117.699997,118.459999,112.082787,2946000
2019-11-29,118.449997,118.750000,117.089996,117.309998,110.994698,1596000
2019-12-02,117.599998,117.889999,115.959999,116.000000,109.755219,3324300
2019-12-03,114.800003,115.260002,113.610001,114.550003,108.383301,5091700
2019-12-04,115.000000,117.459999,114.870003,115.459999,109.244308,4147400
2019-12-05,115.970001,116.279999,114.959999,115.580002,109.357841,2651200
2019-12-06,116.180000,117.320000,116.029999,116.279999,110.020149,2463100
2019-12-09,116.330002,118.330002,116.139999,117.870003,111.524551,2589500
2019-12-10,117.779999,117.860001,116.379997,116.480003,110.209396,2561600
2019-12-11,115.699997,117.669998,115.230003,117.660004,111.325867,3611200
2019-12-12,117.669998,118.790001,117.199997,118.199997,111.836792,2533200
2019-12-13,117.669998,118.610001,116.820000,118.500000,112.120636,3118900
2019-12-16,119.470001,121.169998,119.279999,120.080002,113.615578,3749100
2019-12-17,120.690002,121.459999,119.230003,119.320000,112.896500,3533900
2019-12-18,119.660004,120.190002,119.269997,119.309998,112.887032,3309500
2019-12-19,119.330002,120.570000,118.900002,120.209999,113.738602,4501900
2019-12-20,119.730003,120.279999,119.300003,119.730003,113.284431,5996100
2019-12-23,120.029999,120.580002,119.309998,119.589996,113.151962,3190300
2019-12-24,119.589996,120.129997,119.389999,119.769997,113.322273,1126000
2019-12-26,119.930000,120.300003,119.480003,119.730003,113.284431,1714200
2019-12-27,119.860001,120.680000,119.620003,120.230003,113.757515,2419700
2019-12-30,120.550003,120.750000,118.940002,120.050003,113.587204,2327900
2019-12-31,119.570000,119.830002,118.440002,119.760002,113.312805,2651300
2020-01-02,120.050003,120.459999,119.260002,120.459999,113.975128,2788800
2020-01-03,118.709999,119.820000,118.050003,119.599998,113.161423,2774200
2020-01-06,118.650002,120.389999,118.300003,120.349998,113.871048,3635400
2020-01-07,120.489998,120.660004,119.209999,119.629997,113.189812,4191100
2020-01-08,120.150002,122.730003,119.580002,121.529999,114.987526,4030100
2020-01-09,121.570000,122.879997,121.500000,122.050003,115.479530,2932400
2020-01-10,121.699997,121.959999,120.930000,121.000000,114.486069,2391100
2020-01-13,120.970001,121.709999,120.699997,121.050003,114.533356,3817200
2020-01-14,120.849998,121.680000,119.620003,120.070000,113.606133,3823400
2020-01-15,119.949997,120.190002,119.199997,119.519997,113.085732,3673700
2020-01-16,119.940002,120.050003,118.879997,119.269997,112.849174,3781000
2020-01-17,119.750000,122.489998,119.580002,122.360001,115.772850,5913800
2020-01-21,121.169998,121.750000,120.160004,120.930000,114.936455,3477800
2020-01-22,121.199997,122.900002,120.699997,121.910004,115.867882,4843500
2020-01-23,121.230003,123.139999,121.050003,122.709999,116.628242,3365200
2020-01-24,122.580002,122.870003,119.480003,120.230003,114.271149,3670600
2020-01-27,118.250000,120.860001,118.250000,119.760002,113.824440,3497400
2020-01-28,120.059998,121.680000,119.220001,121.150002,115.145546,3228600
2020-01-29,121.400002,122.410004,120.360001,120.419998,114.451729,2566900
2020-01-30,119.529999,120.370003,118.570000,119.720001,113.786438,3471800
2020-01-31,119.470001,119.669998,116.089996,116.239998,110.478897,4370300
2020-02-03,117.000000,119.220001,116.720001,117.180000,111.372322,3979400
2020-02-04,118.809998,120.309998,118.320000,119.349998,113.434753,4119600
2020-02-05,120.519997,122.349998,119.930000,122.129997,116.076973,3215300
2020-02-06,122.440002,122.870003,121.500000,121.510002,115.487709,2469100
2020-02-07,121.650002,121.959999,120.790001,121.480003,115.459213,2068800
2020-02-10,120.900002,121.820000,120.459999,121.209999,115.202568,2975800
2020-02-11,121.309998,123.190002,121.160004,123.029999,116.932381,2316300
2020-02-12,123.900002,125.199997,123.620003,125.029999,118.833260,2727500
2020-02-13,124.239998,125.269997,123.970001,124.769997,118.586128,2532100
2020-02-14,125.150002,125.559998,124.489998,125.419998,119.203926,2774700
2020-02-18,124.639999,125.910004,122.820000,123.230003,117.122467,3430000
2020-02-19,123.669998,124.480003,123.160004,123.440002,117.322060,3170500
2020-02-20,123.769997,126.730003,123.010002,126.570000,120.296921,4696000
2020-02-21,125.750000,126.199997,124.419998,125.309998,119.099365,3861600
2020-02-24,122.320000,124.419998,122.010002,122.910004,116.818329,5399600
2020-02-25,124.389999,124.389999,118.519997,118.519997,112.645897,6522600
2020-02-26,120.300003,120.449997,111.959999,113.300003,107.684631,12739800
2020-02-27,110.099998,112.540001,107.529999,107.620003,102.286125,8830100
2020-02-28,104.070000,107.169998,102.930000,106.570000,101.288162,9987300
2020-03-02,107.199997,111.180000,105.089996,111.040001,105.536629,8794000
2020-03-03,111.309998,113.029999,107.150002,108.559998,103.179543,8337500
2020-03-04,110.709999,113.550003,109.559998,113.290001,107.675110,5206700
2020-03-05,110.279999,111.239998,106.879997,107.519997,102.191078,6619100
2020-03-06,103.949997,106.050003,102.169998,105.309998,100.090607,7886900
2020-03-09,97.820000,99.820000,93.150002,94.220001,89.550278,8188200
2020-03-10,98.250000,104.139999,95.050003,104.019997,98.864532,9289500
2020-03-11,100.330002,103.309998,97.760002,99.150002,94.235931,6205500
2020-03-12,91.209999,94.900002,89.110001,89.919998,85.463371,9903400
2020-03-13,93.660004,96.559998,88.379997,96.489998,91.707748,10007100
2020-03-16,85.550003,87.599998,71.180000,72.589996,68.992287,14770800
2020-03-17,73.550003,75.620003,64.250000,73.790001,70.132828,15323900
2020-03-18,68.510002,70.120003,61.000000,65.019997,61.797466,11133900
2020-03-19,64.410004,73.209999,60.000000,69.870003,66.407097,12141200
2020-03-20,72.250000,72.980003,65.529999,66.360001,63.071053,11541400
2020-03-23,65.220001,69.110001,63.049999,67.800003,64.439690,9594400
2020-03-24,72.760002,77.589996,72.050003,77.300003,73.468842,9004100
2020-03-25,80.110001,86.989998,78.320000,83.720001,79.570648,9907500
2020-03-26,86.080002,90.940002,85.949997,88.110001,83.743080,10103600
2020-03-27,84.080002,89.720001,83.400002,86.980003,82.669075,6885800
2020-03-30,87.400002,89.540001,85.430000,88.709999,84.313347,5717100
2020-03-31,88.070000,88.940002,85.529999,86.050003,81.785179,5523700
2020-04-01,80.739998,83.919998,79.080002,80.419998,76.434204,8115400
2020-04-02,79.849998,83.269997,79.250000,82.860001,78.753296,8246500
2020-04-03,82.129997,84.239998,81.150002,82.199997,78.125992,6448500
2020-04-06,87.089996,89.370003,84.000000,88.769997,84.370377,9422300
2020-04-07,94.959999,96.180000,90.750000,90.959999,86.451828,7854900
2020-04-08,91.449997,94.769997,90.589996,94.349998,89.673828,4715600
2020-04-09,96.440002,98.400002,94.769997,95.309998,90.586243,6543100
2020-04-13,95.389999,95.839996,93.040001,95.199997,90.481682,5489700
2020-04-14,97.839996,99.820000,96.820000,99.070000,94.159882,5655000
2020-04-15,94.889999,95.900002,92.559998,94.339996,89.664314,7379600
2020-04-16,94.000000,96.080002,91.790001,92.440002,87.858482,9034700
2020-04-17,96.500000,98.669998,95.339996,97.099998,92.287514,7136000
2020-04-20,95.250000,97.809998,94.529999,95.129997,90.415154,5271900
2020-04-21,92.089996,93.699997,91.489998,92.620003,88.541466,5541500
2020-04-22,93.800003,96.029999,93.160004,94.949997,90.768852,4770900
2020-04-23,95.260002,96.660004,94.820000,94.900002,90.721069,4096200
2020-04-24,96.070000,99.660004,95.720001,98.750000,94.401520,5432100
2020-04-27,99.320000,102.970001,99.309998,101.970001,97.479736,5336500
2020-04-28,105.449997,106.570000,102.430000,103.519997,98.961487,5588400
2020-04-29,106.730003,107.800003,105.180000,106.160004,101.485237,5205500
2020-04-30,104.709999,106.720001,103.470001,104.750000,100.137329,4814100
2020-05-01,102.500000,104.690002,102.309998,104.459999,99.860092,3811100
2020-05-04,103.410004,107.379997,102.830002,107.349998,102.622833,4088100
2020-05-05,108.930000,111.690002,108.879997,110.150002,105.299530,5237000
2020-05-06,110.290001,111.529999,108.949997,109.620003,104.792870,4435200
2020-05-07,111.150002,113.129997,111.070000,111.919998,106.991592,3206700
2020-05-08,113.769997,114.629997,112.099998,114.230003,109.199867,3951300
2020-05-11,113.099998,114.750000,112.570000,113.389999,108.396858,3863700
2020-05-12,114.820000,115.050003,111.180000,111.239998,106.341530,3685200
2020-05-13,111.889999,113.389999,108.809998,110.430000,105.567215,6643300
2020-05-14,107.250000,110.419998,106.199997,110.389999,105.528961,6097900
2020-05-15,108.709999,114.160004,108.419998,113.779999,108.769684,8950400
2020-05-18,118.000000,118.400002,116.449997,116.730003,111.589775,7729700
2020-05-19,116.000000,118.599998,115.449997,116.870003,111.723610,7041000
2020-05-20,122.610001,122.690002,115.519997,116.989998,111.838341,19289700
2020-05-21,118.900002,121.250000,117.000000,120.639999,115.327614,9727900
2020-05-22,121.000000,122.540001,119.070000,122.250000,116.866714,6064700
2020-05-26,124.940002,125.839996,123.339996,123.589996,118.147697,7684000
2020-05-27,125.309998,128.460007,123.260002,128.009995,122.373055,7615500
2020-05-28,128.899994,131.399994,126.709999,128.119995,122.478218,7994100
2020-05-29,128.100006,130.529999,127.690002,130.350006,124.610016,7402000
2020-06-01,129.889999,130.139999,128.300003,129.320007,123.625397,5136200
2020-06-02,131.160004,132.460007,130.220001,131.979996,126.168251,6023200
2020-06-03,132.500000,133.389999,131.339996,132.839996,126.990372,4585200
2020-06-04,131.350006,131.869995,127.930000,128.679993,123.013565,7448700
2020-06-05,130.229996,131.389999,128.460007,130.970001,125.202728,5550400
2020-06-08,130.119995,131.240005,129.429993,130.809998,125.049744,4951600
2020-06-09,129.559998,131.429993,129.210007,129.570007,123.864380,4472600
2020-06-10,130.309998,131.240005,128.970001,130.100006,124.371048,3708400
2020-06-11,127.230003,128.809998,123.250000,123.940002,118.482285,5998600
2020-06-12,126.760002,128.389999,123.470001,126.050003,120.499382,4463100
2020-06-15,123.400002,127.970001,123.089996,127.730003,122.105392,5063000
2020-06-16,131.839996,132.149994,128.600006,131.740005,125.938828,5023900
2020-06-17,133.289993,136.779999,133.130005,135.649994,129.676636,7238800
2020-06-18,135.220001,136.039993,133.309998,134.550003,128.625092,3898100
2020-06-19,137.289993,137.289993,132.350006,133.830002,127.936775,6684300
2020-06-22,132.919998,135.020004,132.779999,134.720001,128.787582,3449200
2020-06-23,136.389999,136.710007,134.169998,134.279999,128.366974,3384200
2020-06-24,133.270004,134.449997,128.970001,131.979996,126.168251,4150100
2020-06-25,131.350006,132.009995,129.649994,131.770004,125.967484,4022800
2020-06-26,132.119995,132.839996,128.929993,129.410004,123.711426,5710700
2020-06-29,130.369995,133.539993,129.309998,133.520004,127.640427,3328000
2020-06-30,134.300003,135.940002,133.130005,135.119995,129.169998,4462400
2020-07-01,135.399994,136.289993,134.750000,135.630005,129.657532,4802300
2020-07-02,137.240005,138.179993,135.110001,135.710007,129.734009,3522900
2020-07-06,137.419998,138.250000,135.259995,135.759995,129.781784,3698700
2020-07-07,134.509995,136.759995,134.339996,135.020004,129.074371,2991700
2020-07-08,135.669998,136.360001,134.419998,135.750000,129.772232,2753700
2020-07-09,136.330002,136.940002,134.050003,135.610001,129.638397,3397700
2020-07-10,136.259995,137.639999,134.820007,137.429993,131.378250,3252200
2020-07-13,138.449997,140.789993,135.899994,136.550003,130.537033,4227000
2020-07-14,136.089996,140.169998,135.800003,140.059998,133.892441,4360700
2020-07-15,142.279999,142.339996,139.119995,141.220001,135.001373,3496200
2020-07-16,141.220001,144.940002,140.839996,142.750000,136.464005,4124800
2020-07-17,144.289993,144.630005,141.889999,144.389999,138.031784,3898800
2020-07-20,143.330002,144.710007,142.899994,144.100006,137.754547,2769000
2020-07-21,143.949997,145.919998,143.509995,145.000000,139.146011,2628300
2020-07-22,145.160004,149.149994,145.160004,148.539993,142.543091,4613000
2020-07-23,149.300003,149.649994,145.399994,146.500000,140.585449,3664800
2020-07-24,146.789993,147.619995,145.399994,147.029999,141.094055,3740100
2020-07-27,147.229996,149.429993,147.229996,149.119995,143.099670,2791100
2020-07-28,149.300003,149.779999,147.429993,147.710007,141.746597,3571600
2020-07-29,148.039993,149.809998,148.000000,148.710007,142.706223,2732600
2020-07-30,147.869995,149.899994,146.899994,149.199997,143.176453,2574600
2020-07-31,149.470001,149.919998,146.610001,148.910004,142.898163,3928300
2020-08-03,149.899994,151.350006,149.500000,150.270004,144.203262,3136700
2020-08-04,149.750000,150.740005,148.779999,149.669998,143.627457,2381400
2020-08-05,149.940002,150.460007,148.710007,150.259995,144.193634,3039700
2020-08-06,150.250000,152.240005,149.639999,151.190002,145.086075,2449900
2020-08-07,151.949997,154.119995,151.699997,152.779999,146.611908,2904700
2020-08-10,153.229996,154.710007,153.020004,153.720001,147.513962,3065300
2020-08-11,155.059998,155.419998,152.869995,153.869995,147.657913,3723000
2020-08-12,156.130005,157.979996,154.559998,156.630005,150.306458,3791200
2020-08-13,156.360001,157.149994,155.139999,155.699997,149.414017,2272300
2020-08-14,155.570007,156.080002,153.910004,154.339996,148.108917,3404900
2020-08-17,157.259995,158.720001,155.850006,158.410004,152.014633,5159600
2020-08-18,159.800003,160.600006,157.000000,157.910004,151.534790,5741400
2020-08-19,161.000000,162.889999,156.259995,158.279999,151.889862,9727100
2020-08-20,156.580002,159.160004,156.500000,158.580002,152.177734,4288500
2020-08-21,159.089996,162.080002,158.470001,161.720001,155.190994,4568800
2020-08-24,163.690002,165.649994,163.009995,165.630005,158.943115,4872700
2020-08-25,166.389999,167.429993,164.369995,165.919998,159.221405,3490900
2020-08-26,167.660004,170.500000,167.029999,170.389999,163.510956,5319000
2020-08-27,170.699997,171.320007,165.339996,166.309998,159.595642,4425000
2020-08-28,166.080002,166.889999,164.089996,165.509995,158.827957,3291400
2020-08-31,165.770004,166.369995,163.679993,164.690002,158.041061,3421300
2020-09-01,164.410004,167.639999,164.110001,167.589996,160.823975,4284400
2020-09-02,167.860001,170.830002,166.600006,170.490005,163.606918,4262700
2020-09-03,169.699997,170.479996,160.360001,161.520004,154.999039,5734400
2020-09-04,162.929993,163.169998,153.440002,156.389999,150.076172,6303800
2020-09-08,153.940002,156.860001,151.889999,153.740005,147.533157,4892800
2020-09-09,155.889999,161.190002,155.100006,159.529999,153.089355,4382600
2020-09-10,160.089996,162.929993,157.059998,158.330002,151.937836,4129200
2020-09-11,160.350006,162.589996,159.440002,161.889999,155.354111,4870800
2020-09-14,163.169998,165.800003,163.000000,165.190002,158.520889,3583300
2020-09-15,167.440002,169.880005,166.619995,169.029999,162.205872,3998100
2020-09-16,170.369995,171.720001,166.110001,166.710007,159.979523,3814700
2020-09-17,163.110001,165.919998,161.919998,163.779999,157.167831,3717800
2020-09-18,161.360001,163.850006,158.509995,160.100006,153.636383,5484700
2020-09-21,157.949997,159.619995,155.199997,159.600006,153.156570,3929500
2020-09-22,160.029999,161.789993,159.639999,161.550003,155.027847,3526300
2020-09-23,162.440002,162.910004,157.759995,158.610001,152.206512,3245500
2020-09-24,158.770004,160.850006,156.809998,158.520004,152.120178,3888600
2020-09-25,157.899994,160.199997,156.600006,159.550003,153.108597,2828600
2020-09-28,161.589996,163.100006,160.509995,162.589996,156.025848,2815700
2020-09-29,163.479996,163.970001,162.210007,162.259995,155.709167,2212000
2020-09-30,162.979996,167.619995,162.479996,165.860001,159.163834,4198600
2020-10-01,167.339996,168.279999,165.369995,167.169998,160.420959,2677200
2020-10-02,164.470001,167.460007,164.050003,166.490005,159.768387,2026600
2020-10-05,168.110001,168.970001,167.009995,168.539993,161.735626,2437400
2020-10-06,168.479996,168.979996,164.419998,164.990005,158.328949,2765600
2020-10-07,167.720001,169.809998,166.639999,168.470001,161.668442,2587400
2020-10-08,169.490005,171.610001,168.240005,170.869995,163.971573,3105700
2020-10-09,171.369995,175.000000,171.369995,173.229996,166.236267,4593700
2020-10-12,174.839996,174.839996,172.369995,172.729996,165.756470,3377900
2020-10-13,172.860001,175.940002,172.630005,175.330002,168.251495,2987800
2020-10-14,175.119995,175.899994,171.210007,173.610001,166.600952,3474800
2020-10-15,171.559998,176.399994,171.009995,176.149994,169.038391,3631600
2020-10-16,176.789993,180.669998,176.729996,177.699997,170.525818,3879100
2020-10-19,178.229996,179.910004,174.820007,175.130005,168.059570,4073200
2020-10-20,175.500000,179.270004,174.509995,177.089996,170.524658,3603800
2020-10-21,177.039993,179.610001,174.320007,174.500000,168.030685,3431800
2020-10-22,174.940002,175.250000,170.710007,171.250000,164.901184,3266800
2020-10-23,171.460007,172.169998,169.220001,172.139999,165.758163,2963100
2020-10-26,169.970001,171.229996,165.860001,168.130005,161.896851,4380800
2020-10-27,169.050003,169.449997,165.009995,165.139999,159.017731,4425700
2020-10-28,161.289993,164.470001,159.419998,161.419998,155.435623,4947700
2020-10-29,162.259995,164.050003,160.639999,160.750000,154.790436,3697800
2020-10-30,159.869995,160.699997,155.770004,158.100006,152.238693,3948900
2020-11-02,159.889999,162.710007,158.139999,160.229996,154.289734,2978900
2020-11-03,162.369995,165.470001,161.300003,164.649994,158.545853,2908200
2020-11-04,165.410004,171.440002,165.250000,168.220001,161.983521,5006500
2020-11-05,171.419998,173.559998,168.399994,169.250000,162.975327,4088100
2020-11-06,169.399994,169.509995,167.440002,168.520004,162.272385,2672900
2020-11-09,169.500000,170.250000,152.929993,153.449997,147.761078,10765200
2020-11-10,155.600006,157.339996,153.009995,155.710007,149.937286,5925100
2020-11-11,157.639999,159.619995,157.000000,158.000000,152.142395,4551700
2020-11-12,159.279999,160.000000,156.639999,157.979996,152.123154,3893900
2020-11-13,158.429993,159.979996,157.759995,159.229996,153.326813,4036000
2020-11-16,159.070007,162.000000,158.660004,161.899994,155.897812,5005400
2020-11-17,159.800003,161.500000,156.559998,159.860001,153.933441,5642100
2020-11-18,150.369995,154.309998,146.720001,146.740005,141.299850,18087800
2020-11-19,148.589996,151.250000,148.000000,149.600006,144.053833,9393700
2020-11-20,149.330002,150.960007,148.889999,149.929993,144.371582,6005800
2020-11-23,150.279999,154.139999,150.110001,153.669998,147.972931,6978500
2020-11-24,154.449997,156.000000,153.710007,154.960007,149.215103,7190200
2020-11-25,155.330002,156.460007,154.009995,154.880005,149.138092,5228300
2020-11-27,155.690002,157.369995,154.059998,154.669998,148.935867,2081300
2020-11-30,154.460007,155.860001,151.389999,155.820007,150.043228,7292400
2020-12-01,155.820007,156.779999,152.720001,153.399994,147.712921,6103700
2020-12-02,152.399994,153.000000,150.440002,151.809998,146.181900,5133100
2020-12-03,151.990005,153.149994,151.360001,151.970001,146.335968,4870100
2020-12-04,151.750000,152.399994,149.830002,150.000000,144.438980,4709100
2020-12-07,150.110001,152.580002,149.309998,151.990005,146.355225,7306800
2020-12-08,152.660004,153.029999,150.460007,151.240005,145.632996,6737300
2020-12-09,159.500000,160.979996,157.220001,160.130005,154.193451,11093300
2020-12-10,159.490005,161.449997,158.000000,160.220001,154.280106,6647400
2020-12-11,159.770004,160.110001,157.479996,157.820007,151.969070,5292600
2020-12-14,158.770004,162.440002,158.369995,160.089996,154.154922,4654000
2020-12-15,161.130005,164.289993,160.940002,163.330002,157.274796,4764700
2020-12-16,164.119995,166.190002,162.570007,163.199997,157.149628,4443500
2020-12-17,164.639999,165.410004,163.080002,163.539993,157.477020,4471500
2020-12-18,163.139999,165.320007,161.889999,163.199997,157.149628,11916900
2020-12-21,162.020004,165.860001,161.270004,164.330002,158.237717,5153100
2020-12-22,164.020004,165.860001,163.619995,164.610001,158.507355,3274200
2020-12-23,165.000000,165.630005,162.300003,162.429993,156.408173,3613700
2020-12-24,162.429993,163.199997,162.100006,162.770004,156.735565,1044600
2020-12-28,163.250000,163.830002,161.610001,162.039993,156.032623,2635000
2020-12-29,162.949997,163.300003,159.479996,160.539993,154.588211,3326100
2020-12-30,160.600006,161.690002,160.179993,160.559998,154.607483,3227000
2020-12-31,160.610001,160.860001,159.259995,160.509995,154.559357,2335300
2021-01-04,160.770004,161.380005,157.130005,160.380005,154.434174,7243400
2021-01-05,159.440002,162.080002,159.119995,160.919998,154.954147,3911900
2021-01-06,158.369995,165.149994,158.000000,163.070007,157.024429,4937000
2021-01-07,163.449997,164.839996,162.789993,163.710007,157.640717,4144100
2021-01-08,163.740005,166.250000,163.039993,165.050003,158.931046,4971200
2021-01-11,164.910004,167.399994,164.300003,166.320007,160.153976,3005200
2021-01-12,166.289993,170.240005,165.160004,168.990005,162.724976,4036900
2021-01-13,170.130005,171.690002,169.220001,169.830002,163.533829,3291800
2021-01-14,170.350006,172.580002,169.970001,170.389999,164.073074,4090900
2021-01-15,168.490005,172.009995,168.000000,171.339996,164.987869,3727200
2021-01-19,172.899994,173.809998,170.639999,170.759995,165.007187,4683100
2021-01-20,171.240005,174.050003,169.649994,172.389999,166.582260,3899800
2021-01-21,173.589996,175.070007,172.259995,172.339996,166.533936,5322600
2021-01-22,171.889999,174.119995,171.029999,172.399994,166.591904,3612300
2021-01-25,172.910004,175.149994,171.440002,174.100006,168.234680,4764100
2021-01-26,174.289993,174.899994,173.000000,173.699997,167.848114,2496200
2021-01-27,171.039993,171.860001,167.039993,167.710007,162.059937,4762700
2021-01-28,168.889999,173.729996,167.759995,172.339996,166.533936,3816600
2021-01-29,171.550003,171.800003,166.500000,166.850006,161.228897,4400500
2021-02-01,167.119995,168.190002,162.139999,163.369995,157.866135,3898500
2021-02-02,163.880005,167.789993,163.440002,166.660004,161.045288,3181900
2021-02-03,166.259995,170.220001,166.110001,169.880005,164.156830,2996500
2021-02-04,170.529999,173.139999,169.809998,173.029999,167.200699,2679800
2021-02-05,174.679993,175.199997,173.190002,175.029999,169.133331,2562700
2021-02-08,175.979996,179.210007,175.509995,179.169998,173.133820,3421800
2021-02-09,178.830002,179.460007,177.380005,177.779999,171.790680,2723800
2021-02-10,179.000000,179.000000,175.139999,177.240005,171.268860,2837900
2021-02-11,176.990005,177.639999,174.880005,175.729996,169.809723,2783900
2021-02-12,175.770004,177.669998,175.410004,177.160004,171.191574,2035500
2021-02-16,176.270004,177.300003,173.929993,174.059998,168.195999,2947700
2021-02-17,173.850006,177.470001,173.500000,177.130005,171.162598,2244100
2021-02-18,175.960007,178.050003,175.350006,177.160004,171.191574,2758700
2021-02-19,177.509995,179.100006,176.779999,177.539993,171.558762,2842000
2021-02-22,176.220001,176.490005,172.199997,172.410004,166.601578,3767700
2021-02-23,170.750000,170.910004,165.000000,168.589996,162.910278,5149500
2021-02-24,168.660004,169.610001,160.110001,162.309998,156.841843,9972300
2021-02-25,163.490005,163.500000,157.949997,158.520004,153.179535,6639300
2021-02-26,160.339996,162.419998,159.130005,159.750000,154.368103,6030400
2021-03-01,160.759995,163.500000,160.759995,161.940002,156.484314,3361100
2021-03-02,162.429993,164.789993,162.399994,163.050003,157.556931,4330900
2021-03-03,162.190002,162.830002,158.229996,158.289993,152.957260,5238500
2021-03-04,157.169998,158.279999,150.839996,153.770004,148.589569,7792700
2021-03-05,154.949997,159.089996,151.070007,158.580002,153.237488,5143100
2021-03-08,159.740005,165.300003,159.289993,162.919998,157.431290,4613400
2021-03-09,165.740005,169.220001,165.000000,165.990005,160.397858,4585200
2021-03-10,167.000000,170.399994,166.460007,168.460007,162.784653,3394900
2021-03-11,170.820007,173.130005,170.360001,170.750000,164.997498,4989600
2021-03-12,170.080002,171.830002,169.229996,171.550003,165.770554,3638700
2021-03-15,172.559998,175.309998,172.559998,174.199997,168.331268,3745200
2021-03-16,174.020004,176.520004,173.970001,175.330002,169.423218,3737200
2021-03-17,174.809998,175.919998,173.880005,174.440002,168.563187,3119900
2021-03-18,172.910004,176.630005,172.309998,174.869995,168.978714,3888100
2021-03-19,174.240005,180.550003,174.240005,179.490005,173.443054,8525100
2021-03-22,179.550003,183.600006,178.339996,181.889999,175.762207,4700200
2021-03-23,181.250000,183.800003,179.940002,180.399994,174.322403,3324400
2021-03-24,181.119995,184.149994,180.649994,180.679993,174.592972,3555400
2021-03-25,179.710007,186.169998,179.520004,185.169998,178.931717,4543300
2021-03-26,185.839996,191.850006,185.339996,191.610001,185.154755,4795200
2021-03-29,192.000000,192.910004,187.789993,188.619995,182.265488,3970900
2021-03-30,186.889999,191.020004,186.699997,190.020004,183.618317,3547600
2021-03-31,190.990005,192.179993,189.169998,190.179993,183.772919,3564200
2021-04-01,191.199997,191.880005,189.690002,191.320007,184.874512,3192200
2021-04-05,191.860001,194.669998,191.250000,193.729996,187.203339,3507200
2021-04-06,192.889999,194.970001,192.490005,194.199997,187.657471,2917700
2021-04-07,193.500000,194.750000,192.679993,193.669998,187.145340,3276300
2021-04-08,194.270004,195.110001,193.289993,194.210007,187.667175,2684300
2021-04-09,195.399994,198.669998,194.300003,198.509995,191.822281,3168500
2021-04-12,198.160004,200.979996,198.160004,200.649994,193.890167,3647900
2021-04-13,200.710007,201.220001,199.020004,199.720001,192.991531,2964500
2021-04-14,201.050003,204.179993,200.720001,201.520004,194.730881,3371900
2021-04-15,200.649994,205.070007,200.610001,204.570007,197.678131,3656300
2021-04-16,206.570007,208.979996,205.270004,208.250000,201.234146,6359800
2021-04-19,206.009995,207.289993,203.490005,204.009995,197.137009,3828800
2021-04-20,203.419998,204.000000,200.429993,202.770004,196.516739,3006200
2021-04-21,203.800003,204.929993,203.220001,203.910004,197.621582,2716600
2021-04-22,203.880005,204.850006,199.240005,201.300003,195.092072,3713000
2021-04-23,201.789993,201.889999,199.509995,200.929993,194.733490,3634000
2021-04-26,200.830002,200.929993,198.300003,199.190002,193.047134,3017000
2021-04-27,200.070007,201.130005,198.679993,199.050003,192.911438,3453900
2021-04-28,199.740005,199.839996,195.699997,196.059998,190.013657,4939200
2021-04-29,197.309998,199.429993,196.929993,198.440002,192.320267,3860200
2021-04-30,197.800003,198.259995,195.270004,196.250000,190.197800,4255500
2021-05-03,198.750000,200.080002,197.869995,199.199997,193.056824,4629500
2021-05-04,198.699997,200.490005,196.779999,200.300003,194.122894,4150100
2021-05-05,201.539993,203.100006,198.800003,200.000000,193.832184,3715300
2021-05-06,201.300003,206.059998,200.429993,205.940002,199.588974,4525200
2021-05-07,206.059998,209.240005,204.699997,208.399994,201.973083,3694800
2021-05-10,209.539993,215.220001,208.509995,211.309998,204.793365,4476900
2021-05-11,208.009995,209.660004,201.220001,205.339996,199.007477,4449200
2021-05-12,203.199997,203.970001,194.800003,195.539993,189.509705,5406600
2021-05-13,197.830002,202.750000,197.600006,200.339996,194.161667,4494000
2021-05-14,201.710007,202.220001,197.220001,198.910004,192.775772,3743000
2021-05-17,197.639999,198.699997,192.130005,194.130005,188.143173,5798800
2021-05-18,194.000000,196.000000,191.720001,192.750000,186.805756,5691500
2021-05-19,189.539993,191.649994,186.380005,190.720001,184.838348,6797900
2021-05-20,191.759995,194.889999,191.380005,193.410004,187.445389,4397700
2021-05-21,194.350006,195.869995,191.330002,192.470001,186.534378,4032700
2021-05-24,193.240005,193.520004,190.509995,190.660004,184.780197,3396200
2021-05-25,191.169998,193.330002,190.610001,193.020004,187.067398,4089300
2021-05-26,192.589996,194.250000,192.520004,193.600006,187.629517,3565600
2021-05-27,194.339996,195.619995,193.570007,193.770004,187.794296,5126500
2021-05-28,197.000000,197.839996,194.679993,194.830002,188.821594,3619400
2021-06-01,195.000000,196.100006,191.539993,191.850006,185.933517,4105600
2021-06-02,192.300003,193.179993,190.059998,190.770004,184.886795,3997700
2021-06-03,190.000000,190.830002,188.479996,190.300003,184.431290,3469200
2021-06-04,190.380005,191.389999,188.289993,189.910004,184.053314,4210500
2021-06-07,189.949997,191.110001,188.539993,190.250000,184.382843,2913500
2021-06-08,191.160004,192.690002,190.250000,191.399994,185.497375,3604600
2021-06-09,192.000000,192.500000,190.360001,190.600006,184.722061,3638900
2021-06-10,190.869995,191.649994,187.350006,188.779999,182.958176,3905800
2021-06-11,189.880005,191.690002,189.300003,190.809998,184.925552,3127800
2021-06-14,190.119995,190.500000,188.210007,189.660004,183.811035,3257700
2021-06-15,189.470001,189.649994,186.750000,187.880005,182.085938,4472600
2021-06-16,188.000000,188.199997,184.580002,186.199997,180.457718,4175800
2021-06-17,186.500000,188.160004,184.460007,186.839996,181.078003,4260900
2021-06-18,184.729996,187.899994,184.490005,186.880005,181.116760,9316900
2021-06-21,187.970001,190.539993,187.690002,188.880005,183.055084,4539400
2021-06-22,189.919998,192.679993,189.570007,191.720001,185.807510,3995700
2021-06-23,191.149994,192.169998,190.850006,191.139999,185.245392,2835900
2021-06-24,192.679993,193.089996,190.929993,191.750000,185.836578,2767800
2021-06-25,192.119995,192.860001,191.199997,192.660004,186.718491,4149500
2021-06-28,192.589996,194.169998,191.380005,193.210007,187.251556,2510600
2021-06-29,193.039993,195.850006,193.039993,194.199997,188.211014,2628800
2021-06-30,194.130005,195.259995,193.850006,193.970001,187.988098,2715900
2021-07-01,194.500000,196.100006,193.850006,195.820007,189.781052,2456300
2021-07-02,196.389999,196.520004,195.210007,195.710007,189.674469,2553000
2021-07-06,195.800003,196.380005,192.779999,194.750000,188.744064,2588300
2021-07-07,193.669998,196.460007,193.289993,195.880005,189.839218,3647100
2021-07-08,193.389999,194.149994,191.160004,192.800003,186.854202,3993600
2021-07-09,194.179993,196.750000,194.179993,195.330002,189.306152,2436300
2021-07-12,194.899994,196.419998,194.309998,195.570007,189.538788,2405600
2021-07-13,195.929993,196.149994,193.740005,194.279999,188.288574,3191900
2021-07-14,195.169998,195.399994,192.600006,192.740005,186.796036,2943300
2021-07-15,191.520004,195.929993,191.520004,195.750000,189.713226,3188000
2021-07-16,196.940002,198.860001,195.820007,196.139999,190.091187,4920700
2021-07-19,191.979996,193.669998,190.039993,192.899994,186.951126,5214000
2021-07-20,191.679993,195.410004,191.169998,194.110001,188.907242,2882400
2021-07-21,194.559998,195.429993,193.929993,195.130005,189.899887,2112900
2021-07-22,196.110001,196.960007,194.789993,196.770004,191.495941,3244100
2021-07-23,198.000000,201.419998,197.610001,200.839996,195.456848,3358100
2021-07-26,196.309998,197.910004,193.839996,197.740005,192.439957,3422200
2021-07-27,197.679993,197.720001,191.490005,193.509995,188.323318,4106100
2021-07-28,193.669998,195.389999,192.000000,192.389999,187.233337,2152500
2021-07-29,193.250000,194.320007,191.960007,193.619995,188.430374,2532800
2021-07-30,192.600006,195.300003,192.419998,192.690002,187.525314,2841600
2021-08-02,193.809998,194.220001,190.850006,190.960007,185.841675,3051700
2021-08-03,191.580002,194.610001,191.470001,193.949997,188.751511,2335100
2021-08-04,193.059998,194.279999,189.809998,189.899994,184.810074,3162200
2021-08-05,190.970001,192.580002,189.990005,190.679993,185.569168,2335500
2021-08-06,191.729996,192.600006,189.820007,190.160004,185.063110,2855000
2021-08-09,189.750000,190.160004,187.839996,187.990005,182.951279,2296200
2021-08-10,188.139999,190.860001,187.369995,189.729996,184.644623,2548300
2021-08-11,191.289993,194.710007,191.000000,194.520004,189.306244,3367300
2021-08-12,194.259995,194.919998,190.789993,192.000000,186.853806,2753600
2021-08-13,191.929993,192.350006,189.759995,190.509995,185.403702,2400900
2021-08-16,189.940002,193.889999,189.139999,193.479996,188.294098,3485800
2021-08-17,187.429993,187.850006,182.080002,182.259995,177.374847,8256400
2021-08-18,189.250000,203.720001,188.500000,199.729996,194.376602,16992700
2021-08-19,198.750000,203.320007,198.460007,202.589996,197.159958,5378300
2021-08-20,202.750000,208.889999,202.559998,208.210007,202.629318,4915700
2021-08-23,208.809998,209.490005,205.729996,206.059998,200.536926,4195200
2021-08-24,206.160004,206.449997,202.850006,203.389999,197.938492,4110400
2021-08-25,203.410004,206.830002,203.070007,206.179993,200.653717,2628800
2021-08-26,205.289993,206.979996,204.050003,205.649994,200.137924,3250400
2021-08-27,205.369995,207.529999,204.750000,205.899994,200.381241,3128100
2021-08-30,208.449997,209.410004,204.889999,204.990005,199.495621,3986100
2021-08-31,206.369995,206.589996,203.330002,203.889999,198.425110,4877800
2021-09-01,204.550003,205.039993,201.550003,203.429993,197.977432,2835000
2021-09-02,203.770004,206.630005,203.699997,206.149994,200.624527,2655800
2021-09-03,204.899994,206.830002,204.149994,205.979996,200.459076,2260900
2021-09-07,205.699997,207.240005,204.910004,205.149994,199.651337,2591900
2021-09-08,204.350006,204.419998,201.500000,204.089996,198.619720,3344800
2021-09-09,204.470001,204.720001,202.490005,203.009995,197.568680,2566100
2021-09-10,204.779999,206.580002,204.160004,204.330002,198.853302,2505600
2021-09-13,205.720001,207.240005,204.750000,206.050003,200.527206,3159000
2021-09-14,206.550003,207.410004,203.919998,204.169998,198.697601,2488600
2021-09-15,204.169998,206.210007,201.479996,205.610001,200.098984,2956600
2021-09-16,205.660004,209.330002,205.660004,208.479996,202.892090,3365500
2021-09-17,207.360001,211.979996,207.360001,209.029999,203.427338,5835200
2021-09-20,206.520004,208.460007,203.029999,205.270004,199.768127,3640400
2021-09-21,206.660004,208.229996,205.360001,206.270004,200.741318,2681200
2021-09-22,208.050003,210.279999,206.729996,208.889999,203.291077,3169000
2021-09-23,210.000000,211.649994,207.789993,207.979996,202.405472,3128800
2021-09-24,208.070007,208.800003,206.889999,207.869995,202.298416,2275800
2021-09-27,207.630005,212.250000,207.500000,210.630005,204.984451,2886100
2021-09-28,209.100006,209.460007,204.690002,205.429993,199.923828,4030200
2021-09-29,206.160004,208.350006,205.919998,207.100006,201.549057,2678300
2021-09-30,206.929993,207.460007,202.270004,202.860001,197.422699,3828600
2021-10-01,203.729996,205.410004,201.830002,203.699997,198.240204,3016400
2021-10-04,202.839996,204.589996,201.580002,204.509995,199.028473,5195600
2021-10-05,205.869995,207.750000,204.160004,204.270004,198.794907,3482800
2021-10-06,202.899994,205.190002,201.910004,204.000000,198.532166,3079600
2021-10-07,205.919998,209.610001,205.619995,207.899994,202.327606,3001100
2021-10-08,205.589996,207.759995,204.449997,206.160004,200.634247,3042000
2021-10-11,208.110001,211.740005,207.839996,208.850006,203.252182,3267900
2021-10-12,209.850006,211.729996,209.729996,209.800003,204.176697,2793600
2021-10-13,210.630005,213.630005,210.600006,212.119995,206.434494,3275600
2021-10-14,214.339996,216.559998,213.440002,216.449997,210.648468,3177100
2021-10-15,218.759995,219.990005,217.389999,219.160004,213.285828,2930500
2021-10-18,218.399994,222.710007,218.270004,221.740005,215.796677,2786000
2021-10-19,221.850006,223.770004,221.509995,222.910004,217.720795,2976300
2021-10-20,224.000000,225.300003,222.690002,225.009995,219.771912,2293700
2021-10-21,224.910004,227.660004,224.509995,227.419998,222.125793,2883100
2021-10-22,227.479996,229.860001,227.479996,228.770004,223.444397,2207500
2021-10-25,228.550003,232.179993,228.110001,231.820007,226.423386,3018500
2021-10-26,233.110001,233.669998,230.500000,231.070007,225.690842,2801000
2021-10-27,231.619995,234.960007,231.619995,231.770004,226.374542,2801700
2021-10-28,232.960007,234.679993,231.250000,231.759995,226.364777,2421700
2021-10-29,230.779999,234.740005,230.500000,233.820007,228.376816,3316300
2021-11-01,235.000000,235.899994,230.210007,231.750000,226.355011,3861500
2021-11-02,232.320007,234.139999,231.289993,233.029999,227.605209,2167300
2021-11-03,232.889999,234.679993,232.080002,234.300003,228.845657,2629100
2021-11-04,235.000000,238.929993,234.940002,237.779999,232.244644,2508800
2021-11-05,239.000000,239.270004,235.050003,235.539993,230.056778,2356500
2021-11-08,236.550003,238.080002,233.160004,234.789993,229.324234,2797200
2021-11-09,235.059998,237.270004,233.039993,233.910004,228.464737,2307500
2021-11-10,232.619995,235.779999,231.309998,232.550003,227.136368,2402900
2021-11-11,234.320007,234.729996,231.300003,232.320007,226.911758,1921300
2021-11-12,234.429993,236.720001,232.059998,236.320007,230.818634,2462900
2021-11-15,236.100006,237.149994,234.330002,234.919998,229.451218,2219900
2021-11-16,240.600006,246.720001,239.389999,244.779999,239.081680,5223200
2021-11-17,250.020004,255.220001,245.250000,245.729996,240.009567,6823900
2021-11-18,246.449997,250.000000,245.229996,247.380005,241.621155,3468600
2021-11-19,247.770004,250.740005,245.750000,249.520004,243.711334,3685000
2021-11-22,250.259995,256.390015,249.850006,252.350006,246.475464,4460500
2021-11-23,251.139999,252.669998,248.600006,251.910004,246.045700,2550600
2021-11-24,249.419998,253.410004,249.000000,252.630005,246.748962,1952500
2021-11-26,249.619995,252.110001,247.149994,247.690002,241.923950,1891000
2021-11-29,250.309998,252.490005,248.380005,248.580002,242.793213,3209100
2021-11-30,247.759995,250.440002,244.509995,244.589996,238.896103,6235900
2021-12-01,248.300003,252.369995,245.220001,245.339996,239.628647,4018600
2021-12-02,247.009995,251.679993,245.839996,250.389999,244.561081,3706700
2021-12-03,252.520004,253.850006,247.070007,248.690002,242.900665,3972000
2021-12-06,252.490005,254.330002,250.419998,251.179993,245.332687,3008500
2021-12-07,253.509995,257.540009,252.399994,256.910004,250.929306,3405400
2021-12-08,256.589996,258.630005,254.550003,256.739990,250.763260,3820700
2021-12-09,255.770004,260.820007,254.860001,258.149994,252.140411,3812700
2021-12-10,258.410004,261.480011,257.720001,261.380005,255.295273,2547700
2021-12-13,262.850006,263.309998,256.290009,257.239990,251.251617,3915300
2021-12-14,255.919998,256.820007,250.509995,252.460007,246.582916,5100500
2021-12-15,249.600006,258.339996,249.250000,257.540009,251.544662,4939300
2021-12-16,259.230011,259.500000,253.100006,253.240005,247.344742,4457200
2021-12-17,252.339996,253.289993,247.449997,248.089996,242.314636,10173200
2021-12-20,245.220001,245.940002,242.300003,245.619995,239.902115,3900900
2021-12-21,247.710007,248.410004,243.580002,246.979996,241.230469,2963800
2021-12-22,247.110001,249.949997,246.130005,249.699997,243.887146,1771900
2021-12-23,250.240005,251.710007,249.039993,250.089996,244.268066,2060300
2021-12-27,251.139999,253.779999,251.139999,253.699997,247.794022,1590200
2021-12-28,254.000000,254.889999,252.820007,254.020004,248.106567,1531500
2021-12-29,255.009995,258.540009,254.960007,257.570007,251.573959,1617500
2021-12-30,258.350006,259.250000,256.059998,256.390015,250.421432,1488100
2021-12-31,256.149994,259.769989,255.850006,258.480011,252.462784,1774200
2022-01-03,259.200012,260.200012,253.070007,255.509995,249.561890,5302100
2022-01-04,255.639999,260.829987,255.600006,259.809998,253.761810,3638200
2022-01-05,258.709991,259.440002,254.720001,254.750000,248.819595,3808600
2022-01-06,257.640015,258.450012,255.000000,257.790009,251.788834,3616300
2022-01-07,255.699997,257.380005,250.710007,251.089996,245.244766,4945500
2022-01-10,247.889999,248.100006,240.570007,247.690002,241.923950,6292400
2022-01-11,247.910004,249.949997,244.679993,249.500000,243.691818,3415000
2022-01-12,251.190002,254.710007,249.940002,250.720001,244.883392,2825500
2022-01-13,253.080002,253.750000,250.089996,250.699997,244.863876,2243400
2022-01-14,247.300003,248.699997,241.470001,243.399994,237.733810,3258500
2022-01-18,239.199997,239.600006,234.270004,238.410004,233.627853,4612500
2022-01-19,239.630005,241.160004,234.270004,234.699997,229.992279,4146800
2022-01-20,236.270004,237.589996,223.339996,223.929993,219.438293,5946600
2022-01-21,222.889999,229.850006,221.500000,225.020004,220.506454,5724400
2022-01-24,220.529999,232.710007,220.199997,232.350006,227.689407,4911600
2022-01-25,227.500000,231.940002,224.509995,230.009995,225.396332,4099200
2022-01-26,232.559998,235.000000,225.740005,228.100006,223.524673,4349200
2022-01-27,230.660004,233.169998,223.949997,225.929993,221.398178,3425800
2022-01-28,227.990005,235.139999,224.479996,234.990005,230.276459,3215500
2022-01-31,233.990005,237.610001,232.660004,237.350006,232.589111,4485900
2022-02-01,238.449997,239.479996,233.820007,238.350006,233.569061,2723800
2022-02-02,238.610001,240.710007,236.449997,239.110001,234.313812,2442900
2022-02-03,236.000000,239.490005,233.809998,234.110001,229.414124,2512000
2022-02-04,234.149994,234.149994,225.169998,229.070007,224.475220,3456700
2022-02-07,230.520004,230.979996,224.529999,227.020004,222.466324,2990100
2022-02-08,227.199997,232.619995,225.860001,231.759995,227.111237,2572400
2022-02-09,234.520004,236.479996,232.839996,233.660004,228.973145,2115100
2022-02-10,230.690002,232.860001,225.789993,227.399994,222.838699,3053800
2022-02-11,227.520004,229.720001,224.759995,225.910004,221.378586,2192800
2022-02-14,223.770004,227.020004,223.119995,225.949997,221.417786,2025700
2022-02-15,228.309998,230.059998,226.979996,228.100006,223.524673,1843600
2022-02-16,226.520004,228.169998,223.509995,227.009995,222.456528,2461300
2022-02-17,225.929993,227.220001,223.250000,223.789993,219.301102,2482200
2022-02-18,222.949997,225.720001,220.419998,222.690002,218.223160,4241500
2022-02-22,218.289993,221.449997,210.759995,214.589996,210.285645,7641100
2022-02-23,222.000000,227.750000,214.130005,215.089996,210.775604,8936900
2022-02-24,209.690002,214.259995,206.240005,213.410004,209.129318,5749300
2022-02-25,214.270004,219.690002,210.210007,219.179993,214.783569,4613300
2022-02-28,217.259995,221.300003,215.820007,221.059998,216.625854,5440400
2022-03-01,221.380005,224.440002,220.229996,221.500000,217.057037,3953200
2022-03-02,220.600006,230.009995,220.110001,228.660004,224.073425,4513700
2022-03-03,229.119995,230.720001,225.059998,226.279999,221.741165,3180700
2022-03-04,224.580002,226.690002,221.750000,224.070007,219.575516,3144400
2022-03-07,224.029999,227.979996,222.080002,222.259995,217.801788,4022700
2022-03-08,222.259995,229.619995,222.080002,223.259995,218.781723,3725900
2022-03-09,227.979996,230.279999,225.589996,225.880005,221.349197,3428500
2022-03-10,223.000000,224.389999,219.089996,224.169998,219.673477,3318700
2022-03-11,223.899994,227.559998,221.990005,222.210007,217.752808,2616300
2022-03-14,223.979996,227.710007,221.080002,226.509995,221.966537,3607700
2022-03-15,227.800003,232.350006,227.509995,231.070007,226.435089,3413600
2022-03-16,233.130005,234.429993,226.789993,231.330002,226.689880,3497400
2022-03-17,230.000000,234.410004,228.320007,234.380005,229.678696,3323900
2022-03-18,231.649994,236.259995,229.929993,235.669998,230.942810,9149800
2022-03-21,236.500000,238.369995,225.690002,227.600006,223.034698,4349200
2022-03-22,227.649994,229.869995,225.360001,228.470001,223.887238,3248800
2022-03-23,227.000000,227.949997,219.830002,220.919998,216.488663,3728100
2022-03-24,220.830002,221.960007,217.960007,219.169998,214.773773,3399200
2022-03-25,220.729996,220.960007,211.389999,212.919998,208.649155,6831700
2022-03-28,211.380005,213.899994,207.419998,213.779999,209.491898,6579600
2022-03-29,217.759995,221.339996,216.539993,219.570007,215.165756,4993600
2022-03-30,215.750000,217.149994,208.929993,209.490005,205.287964,7090900
2022-03-31,206.850006,208.740005,201.990005,202.190002,198.134369,7318500
2022-04-01,204.100006,204.160004,201.399994,202.399994,198.340134,4827200
2022-04-04,201.550003,204.259995,199.770004,204.119995,200.025650,5426100
2022-04-05,203.210007,208.139999,201.669998,204.869995,200.760620,4707100
2022-04-06,201.199997,202.850006,196.639999,200.649994,196.625244,6356100
2022-04-07,199.110001,204.199997,197.550003,202.639999,198.575348,4411600
2022-04-08,201.029999,207.720001,200.539993,206.660004,202.514725,5065500
2022-04-11,204.660004,208.449997,203.350006,204.589996,200.486237,3576200
2022-04-12,209.009995,210.589996,203.399994,204.139999,200.045258,4354700
2022-04-13,203.630005,206.850006,203.220001,205.509995,201.387772,2803400
2022-04-14,206.229996,207.300003,201.029999,201.279999,197.242630,4001400
2022-04-18,200.619995,202.000000,197.330002,198.520004,194.537994,3800400
2022-04-19,198.169998,203.509995,197.699997,203.039993,199.772369,3392900
2022-04-20,205.839996,210.059998,205.190002,208.740005,205.380630,3906100
2022-04-21,210.419998,210.850006,204.279999,205.029999,201.730347,3797600
2022-04-22,204.119995,204.309998,196.100006,197.059998,193.888611,4216300
2022-04-25,197.050003,200.740005,194.669998,200.380005,197.155182,3895900
2022-04-26,198.910004,204.369995,198.240005,199.589996,196.377884,3959100
2022-04-27,199.250000,203.460007,198.970001,199.570007,196.358231,3028100
2022-04-28,201.619995,207.149994,200.029999,205.139999,201.838562,3250400
2022-04-29,203.490005,205.179993,197.080002,197.729996,194.547821,4217600
2022-05-02,198.119995,204.649994,197.720001,203.139999,199.870758,3697800
2022-05-03,202.470001,204.929993,200.210007,201.630005,198.385071,3002600
2022-05-04,200.729996,207.960007,198.250000,207.160004,203.826065,4452400
2022-05-05,203.910004,204.610001,193.520004,195.919998,192.766937,4262900
2022-05-06,194.169998,195.449997,189.660004,192.289993,189.195374,3910700
2022-05-09,189.589996,198.470001,188.250000,196.070007,192.914536,3998300
2022-05-10,198.110001,199.039993,190.250000,192.130005,189.037949,3638700
2022-05-11,192.839996,195.190002,187.300003,187.770004,184.748123,4598000
2022-05-12,187.770004,194.839996,187.229996,191.699997,188.614868,4292900
2022-05-13,191.270004,197.410004,190.350006,194.000000,190.877869,2911900
2022-05-16,192.570007,196.220001,189.500000,194.729996,191.596115,4405300
2022-05-17,198.919998,199.470001,187.869995,194.029999,190.907364,8210000
2022-05-18,187.500000,191.460007,179.759995,183.820007,180.861694,7847600
2022-05-19,182.679993,191.809998,182.679993,187.860001,184.836655,5132100
2022-05-20,188.929993,189.259995,179.220001,184.690002,181.717682,5722600
2022-05-23,186.500000,186.830002,181.389999,186.250000,183.252579,3546700
2022-05-24,184.979996,187.800003,182.389999,184.619995,181.648804,4486500
2022-05-25,182.600006,189.889999,182.259995,188.550003,185.515564,3986300
2022-05-26,190.570007,197.050003,190.279999,195.529999,192.383224,3337900
2022-05-27,196.720001,199.660004,195.869995,199.630005,196.417267,2779200
2022-05-31,197.600006,198.750000,194.389999,195.300003,192.156937,4733900
2022-06-01,196.389999,197.139999,191.639999,191.720001,188.634552,3290200
2022-06-02,192.559998,196.220001,191.750000,196.130005,192.973572,3359200
2022-06-03,193.970001,197.949997,193.250000,195.449997,192.304520,2262700
2022-06-06,196.000000,198.779999,194.199997,196.770004,193.603271,2691600
2022-06-07,190.350006,196.199997,189.009995,195.649994,192.501297,3269700
2022-06-08,193.899994,194.710007,191.380005,192.449997,189.352798,2775700
2022-06-09,192.110001,198.740005,191.899994,194.279999,191.153351,2999500
2022-06-10,189.300003,192.240005,186.149994,186.330002,183.331299,3564600
2022-06-13,182.330002,184.500000,180.110001,181.259995,178.342880,3899300
2022-06-14,180.830002,182.860001,176.429993,177.940002,175.076324,4037200
2022-06-15,179.399994,181.020004,176.300003,179.009995,176.129105,4164200
2022-06-16,174.500000,174.929993,170.479996,171.610001,168.848190,5536300
2022-06-17,170.940002,175.279999,170.139999,172.470001,169.694366,8499000
2022-06-21,176.089996,176.419998,171.389999,172.380005,169.605804,4753300
2022-06-22,171.339996,175.369995,170.119995,173.600006,170.806168,4434100
2022-06-23,174.520004,176.440002,173.600006,176.330002,173.492233,3611500
2022-06-24,177.759995,182.940002,177.130005,182.839996,179.897461,5346100
2022-06-27,183.000000,185.320007,182.130005,184.220001,181.255249,2829200
2022-06-28,184.479996,185.610001,174.570007,174.720001,171.908142,4980300
2022-06-29,174.970001,177.389999,174.160004,176.100006,173.265930,2802600
2022-06-30,172.039993,176.080002,170.759995,174.669998,171.858948,4415400
2022-07-01,175.830002,178.589996,174.639999,177.360001,174.505646,3095500
2022-07-05,175.050003,179.940002,174.479996,179.880005,176.985107,3226300
2022-07-06,180.779999,182.949997,177.440002,179.059998,176.178284,2177600
2022-07-07,179.869995,182.080002,178.830002,181.570007,178.647919,2935600
2022-07-08,180.899994,182.960007,179.419998,181.630005,178.706955,2024700
2022-07-11,181.220001,183.000000,179.660004,180.110001,177.211411,2285100
2022-07-12,181.990005,185.399994,180.100006,181.000000,178.087067,3184700
2022-07-13,178.770004,183.770004,177.550003,182.369995,179.435013,2935400
2022-07-14,179.410004,182.949997,178.690002,182.660004,179.720352,3261900
2022-07-15,185.710007,186.139999,183.960007,185.000000,182.022690,2901400
2022-07-18,186.610001,189.080002,185.190002,185.789993,182.799973,2965800
2022-07-19,186.570007,189.559998,184.820007,188.779999,186.797562,2683900
2022-07-20,188.389999,191.440002,187.990005,191.029999,189.023926,2427300
2022-07-21,191.240005,193.779999,189.419998,193.559998,191.527359,3266100
2022-07-22,194.820007,199.119995,194.240005,195.580002,193.526138,3329500
2022-07-25,195.699997,195.850006,193.169998,194.800003,192.754333,2492200
2022-07-26,188.179993,190.970001,187.610001,188.600006,186.619446,3647200
2022-07-27,188.699997,190.889999,183.699997,189.919998,187.925583,3713900
2022-07-28,187.490005,191.720001,183.740005,190.800003,188.796341,6034600
2022-07-29,189.809998,192.490005,188.720001,191.529999,189.518677,4507100
2022-08-01,191.550003,195.259995,191.279999,194.089996,192.051788,3349500
2022-08-02,193.270004,193.399994,187.869995,187.949997,185.976273,3401800
2022-08-03,189.630005,195.979996,189.630005,195.419998,193.367828,3292700
2022-08-04,195.759995,199.050003,195.419998,197.160004,195.089554,3534100
2022-08-05,195.889999,199.229996,195.330002,199.080002,196.989395,2409700
2022-08-08,200.000000,204.309998,199.779999,201.839996,199.720398,3040800
2022-08-09,200.750000,200.750000,193.720001,195.199997,193.150131,3914500
2022-08-10,199.270004,201.660004,198.600006,201.429993,199.314713,4094400
2022-08-11,200.100006,204.289993,200.070007,202.179993,200.056824,3337200
2022-08-12,203.350006,206.600006,201.729996,206.470001,204.301788,3014100
2022-08-15,206.000000,209.020004,204.899994,208.039993,205.855286,4075500
2022-08-16,206.660004,217.389999,206.500000,214.119995,211.871445,5892200
2022-08-17,212.009995,221.190002,211.500000,215.369995,213.108322,8082100
2022-08-18,215.110001,218.089996,214.570007,216.470001,214.196777,3011800
2022-08-19,215.500000,215.839996,209.850006,211.360001,209.140427,3347300
2022-08-22,209.210007,212.580002,208.479996,209.990005,207.784821,4136600
2022-08-23,210.000000,211.360001,207.279999,207.470001,205.291275,2533900
2022-08-24,206.809998,210.550003,205.779999,208.410004,206.221420,2634300
2022-08-25,208.589996,211.169998,207.949997,210.960007,208.744644,2634700
2022-08-26,211.729996,212.630005,200.940002,200.990005,198.879333,3720500
2022-08-29,200.119995,203.610001,199.080002,201.070007,198.958511,3273800
2022-08-30,202.460007,203.300003,196.410004,197.220001,195.148926,3906900
2022-08-31,197.100006,197.429993,194.000000,194.139999,192.101273,5145100
2022-09-01,193.789993,195.949997,192.610001,195.759995,193.704254,3462200
2022-09-02,197.399994,199.029999,194.289993,195.509995,193.456879,3165900
2022-09-06,196.169998,196.809998,191.250000,192.960007,190.933655,3128800
2022-09-07,193.710007,201.940002,193.580002,201.300003,199.186081,4086500
2022-09-08,200.649994,204.509995,198.729996,204.380005,202.233734,3564200
2022-09-09,203.979996,206.529999,203.320007,205.649994,203.490387,3176400
2022-09-12,206.000000,209.419998,205.500000,206.399994,204.232513,3218700
2022-09-13,201.259995,202.889999,192.949997,193.630005,191.596634,4441400
2022-09-14,194.550003,195.220001,190.210007,192.389999,190.369644,3963700
2022-09-15,193.320007,194.490005,190.009995,191.039993,189.033829,3309700
2022-09-16,189.000000,193.070007,188.750000,191.809998,189.795731,10187800
2022-09-19,190.910004,195.899994,190.669998,195.100006,193.051193,3351900
2022-09-20,192.619995,194.179993,188.679993,190.410004,188.410446,3650200
2022-09-21,191.910004,194.809998,188.320007,188.360001,186.381973,2925700
2022-09-22,188.000000,189.779999,186.509995,188.119995,186.144485,2864500
2022-09-23,186.750000,189.160004,185.559998,188.130005,186.154388,3382500
2022-09-26,188.059998,190.000000,185.690002,186.020004,184.066544,2938700
2022-09-27,187.940002,190.860001,186.210007,187.669998,185.699203,3866500
2022-09-28,192.449997,195.470001,190.139999,194.529999,192.487183,5384900
2022-09-29,192.000000,192.429993,188.809998,190.460007,188.459915,3622800
2022-09-30,189.429993,191.089996,185.960007,187.809998,185.837738,6049000
2022-10-03,191.610001,195.800003,191.029999,193.919998,191.883575,4346500
2022-10-04,196.970001,199.660004,196.330002,197.419998,195.346817,4139100
2022-10-05,195.320007,200.320007,194.000000,199.029999,196.939911,3196100
2022-10-06,198.449997,202.289993,198.320007,199.979996,197.879929,3304900
2022-10-07,198.020004,198.509995,195.339996,197.210007,195.139038,3466800
2022-10-10,195.949997,196.960007,192.710007,194.899994,192.853287,2449700
2022-10-11,194.940002,198.369995,193.970001,196.429993,194.367203,2766000
2022-10-12,197.789993,198.380005,193.779999,193.869995,191.834091,2353900
2022-10-13,189.830002,194.929993,185.479996,193.160004,191.131561,4851100
2022-10-14,194.839996,196.960007,188.729996,188.960007,186.975662,4142800
2022-10-17,192.250000,195.220001,192.089996,194.089996,192.051788,3504800
2022-10-18,196.199997,198.570007,192.559998,193.199997,192.210968,3804300
2022-10-19,187.279999,188.470001,180.220001,183.940002,182.998383,5362300
2022-10-20,183.389999,185.399994,177.470001,178.300003,177.387253,4095600
2022-10-21,178.139999,182.669998,176.500000,182.369995,181.436401,3583600
2022-10-24,183.580002,188.509995,183.580002,187.610001,186.649582,3704900
2022-10-25,189.899994,195.080002,188.889999,193.850006,192.857651,3245700
2022-10-26,194.229996,195.610001,191.279999,193.550003,192.559174,2567200
2022-10-27,195.240005,196.479996,192.529999,193.660004,192.668625,2457600
2022-10-28,193.500000,199.740005,192.850006,198.729996,197.712662,3292200
2022-10-31,196.990005,197.970001,194.360001,194.949997,193.952011,3550200
2022-11-01,198.000000,199.740005,192.279999,193.550003,192.559174,3260100
2022-11-02,193.190002,194.679993,185.529999,185.710007,184.759323,4539400
2022-11-03,180.850006,182.860001,178.710007,179.820007,178.899475,4187500
2022-11-04,182.779999,187.850006,178.300003,182.149994,181.217529,4623400
2022-11-07,183.570007,187.800003,181.039993,186.559998,185.604965,2715300
2022-11-08,188.059998,190.009995,185.779999,188.360001,187.395752,2880800
2022-11-09,187.309998,191.270004,186.309998,186.630005,185.674606,3007200
2022-11-10,195.309998,204.740005,195.300003,204.320007,203.274048,4837200
2022-11-11,205.089996,211.259995,204.509995,209.020004,207.949982,4272500
2022-11-14,208.429993,210.470001,204.229996,204.660004,203.612305,4165000
2022-11-15,206.750000,211.250000,203.820007,208.839996,207.770905,5127800
2022-11-16,212.089996,221.419998,211.600006,215.130005,214.028717,8173100
2022-11-17,212.500000,212.990005,205.369995,208.399994,207.333145,3507800
2022-11-18,211.820007,211.839996,206.410004,209.929993,208.855316,2912500
2022-11-21,210.130005,210.809998,208.229996,210.270004,209.193588,2326400
2022-11-22,211.649994,215.529999,211.070007,214.470001,213.372086,2845700
2022-11-23,215.229996,215.699997,210.020004,211.020004,209.939743,2593800
2022-11-25,211.360001,211.830002,210.009995,210.970001,209.889999,975700
2022-11-28,210.389999,211.470001,208.520004,209.039993,207.969879,2202300
2022-11-29,208.000000,208.649994,206.619995,207.470001,206.407913,1980900
2022-11-30,206.110001,212.970001,203.250000,212.550003,211.461914,4701600
2022-12-01,214.789993,216.720001,212.710007,215.479996,214.376907,2735100
2022-12-02,212.399994,216.600006,211.500000,214.839996,213.740189,3242300
2022-12-05,210.910004,211.610001,205.399994,206.179993,205.124512,3308400
2022-12-06,205.210007,205.710007,199.000000,201.910004,200.876389,3627500
2022-12-07,202.759995,209.990005,202.259995,206.889999,205.830887,3999300
2022-12-08,205.000000,206.410004,202.460007,203.559998,202.517929,3150200
2022-12-09,201.000000,204.610001,200.199997,201.770004,200.737106,3226900
2022-12-12,202.289993,205.100006,201.039993,205.080002,204.030151,2719800
2022-12-13,216.710007,217.830002,208.919998,211.220001,210.138718,4168600
2022-12-14,210.949997,216.630005,210.059998,212.110001,211.024170,3727700
2022-12-15,208.610001,209.720001,205.490005,208.020004,206.955109,3373900
2022-12-16,206.360001,207.360001,203.320007,206.139999,205.084732,9543500
2022-12-19,205.350006,205.940002,201.990005,203.169998,202.129929,2442400
2022-12-20,201.190002,202.130005,197.690002,200.860001,199.831757,2372200
2022-12-21,202.929993,203.619995,200.270004,202.429993,201.393707,2345400
2022-12-22,198.520004,200.229996,195.270004,199.149994,198.130508,2414800
2022-12-23,198.419998,202.320007,197.020004,201.880005,200.846542,1469200
2022-12-27,201.690002,203.990005,201.309998,201.710007,200.677414,2076600
2022-12-28,201.960007,203.500000,199.630005,200.059998,199.035843,1419900
2022-12-29,201.679993,203.119995,201.300003,202.259995,201.224579,1270900
2022-12-30,200.029999,200.500000,197.210007,199.240005,198.220062,2154600
2023-01-03,201.490005,202.300003,197.139999,199.039993,198.021072,2602000
2023-01-04,201.429993,202.350006,197.509995,201.389999,200.359039,2507400
2023-01-05,199.300003,201.440002,197.479996,200.770004,199.742218,1942300
2023-01-06,200.729996,201.789993,194.449997,200.970001,199.941193,3121400
2023-01-09,202.419998,204.130005,199.339996,199.440002,198.419022,2748500
2023-01-10,199.919998,201.669998,198.539993,201.399994,200.368988,2200800
2023-01-11,202.160004,208.720001,202.149994,208.589996,207.522186,2781000
2023-01-12,210.259995,211.570007,206.589996,210.259995,209.183624,2690200
2023-01-13,207.809998,213.559998,207.809998,212.160004,211.073914,3875900
2023-01-17,212.169998,214.979996,209.250000,209.520004,208.447433,2943800
2023-01-18,210.720001,214.179993,208.110001,208.500000,207.432648,3575000
2023-01-19,207.509995,207.899994,201.190002,202.130005,201.095261,3508800
2023-01-20,201.360001,204.990005,198.669998,204.529999,203.482971,3517600
2023-01-23,203.520004,206.910004,201.789993,205.110001,204.059998,3473500
2023-01-24,202.610001,206.580002,202.610001,206.410004,206.410004,2862500
2023-01-25,204.520004,206.289993,201.839996,206.110001,206.110001,2283400
2023-01-26,204.350006,208.770004,201.639999,201.809998,201.809998,3426100
2023-01-27,201.449997,203.419998,200.440002,202.490005,202.490005,2907900
2023-01-30,201.970001,204.559998,201.149994,201.910004,201.910004,2786300
2023-01-31,203.250000,208.330002,202.500000,208.250000,208.250000,3415800
2023-02-01,207.460007,215.139999,204.389999,213.559998,213.559998,3363900
2023-02-02,216.050003,223.309998,215.979996,221.559998,221.559998,4156800
2023-02-03,217.139999,218.389999,214.820007,215.970001,215.970001,3047900
2023-02-06,214.250000,216.839996,214.059998,215.869995,215.869995,2380600
2023-02-07,212.889999,215.570007,210.419998,214.729996,214.729996,2552300
2023-02-08,214.210007,214.210007,211.070007,212.759995,212.759995,2421100
2023-02-09,214.770004,215.240005,207.960007,208.639999,208.639999,2386700
2023-02-10,207.460007,208.929993,206.330002,208.779999,208.779999,1836300
2023-02-13,209.300003,214.300003,207.429993,214.139999,214.139999,2364000
2023-02-14,212.029999,215.119995,211.139999,213.759995,213.759995,2316600
2023-02-15,212.350006,215.500000,211.270004,215.029999,215.029999,1849900
2023-02-16,210.199997,216.070007,209.619995,214.009995,214.009995,2479000
2023-02-17,213.240005,213.710007,208.899994,212.750000,212.750000,3462000
2023-02-21,205.270004,206.899994,201.220001,201.850006,201.850006,3942900
2023-02-22,201.210007,204.440002,200.059998,202.630005,202.630005,2667400
2023-02-23,202.559998,203.750000,199.130005,202.210007,202.210007,2332200
2023-02-24,199.789993,202.589996,198.460007,201.539993,201.539993,2163500
2023-02-27,204.330002,206.490005,203.440002,204.240005,204.240005,2764800
2023-02-28,203.979996,208.279999,203.300003,205.750000,205.750000,4391400
2023-03-01,205.440002,205.639999,191.270004,194.309998,194.309998,9814300
2023-03-02,192.660004,195.449997,192.029999,195.100006,195.100006,4096900
2023-03-03,195.779999,200.550003,195.059998,199.729996,199.729996,3482800
2023-03-06,200.300003,203.710007,200.059998,201.570007,201.570007,3160900
2023-03-07,202.490005,202.490005,197.259995,197.410004,197.410004,3320200
2023-03-08,198.220001,202.080002,197.690002,201.139999,201.139999,2670400
2023-03-09,202.089996,204.050003,198.539993,199.050003,199.050003,2440300
2023-03-10,199.119995,201.690002,196.089996,196.660004,196.660004,2986500
2023-03-13,195.740005,201.389999,194.729996,197.550003,197.550003,3116300
2023-03-14,199.399994,200.089996,193.820007,196.830002,196.830002,3909000
2023-03-15,195.839996,200.449997,194.610001,198.589996,198.589996,3794100
2023-03-16,197.570007,200.080002,196.440002,199.669998,199.669998,3153900
2023-03-17,199.789993,201.300003,195.789993,197.360001,197.360001,7271200
2023-03-20,197.009995,197.889999,195.410004,196.789993,196.789993,2405100
2023-03-21,198.500000,198.770004,195.179993,196.789993,196.789993,2940400
2023-03-22,196.889999,197.490005,191.360001,191.570007,191.570007,3275700
2023-03-23,192.720001,193.100006,188.070007,189.690002,189.690002,3346400
2023-03-24,188.750000,190.270004,187.440002,189.460007,189.460007,2692400
2023-03-27,190.070007,191.940002,188.899994,190.529999,190.529999,2488400